Age,Gender,Weight_kg,Height_m,Max_BPM,Avg_BPM,Resting_BPM,Session_Duration_hours,Calories_Burned,Fat_Percentage,Water_Intake_liters,Workout_Frequency,Experience_Level,BMI,Workout_Type_HIIT,Workout_Type_Strength,Workout_Type_Yoga,Heart_Rate_Reserve,Calories_per_Hour,Hydration_Score
56,1,88.3,1.71,180,157,60,1.69,1313.0,12.6,3.5,4,3,30.2,False,False,True,120,772.3529411764706,14.0
46,0,74.9,1.53,179,151,66,1.3,883.0,33.9,2.1,4,2,32.0,True,False,False,113,674.0458015267176,8.4
32,0,68.1,1.66,167,122,54,1.11,677.0,33.4,2.3,4,2,24.71,False,False,False,113,604.4642857142857,9.2
25,1,53.2,1.7,190,164,56,0.59,532.0,28.8,2.1,3,1,18.41,False,True,False,134,886.6666666666667,6.300000000000001
38,1,46.1,1.79,188,158,68,0.64,556.0,29.2,2.8,3,1,14.39,False,True,False,120,855.3846153846154,8.399999999999999
56,0,58.0,1.68,168,156,74,1.59,1116.0,15.5,2.7,5,3,20.55,True,False,False,94,697.5,13.5
36,1,70.3,1.72,174,169,73,1.49,1385.0,21.3,2.3,3,2,23.76,False,False,False,101,923.3333333333334,6.8999999999999995
40,0,69.7,1.51,189,141,64,1.27,895.0,30.6,1.9,3,2,30.57,False,False,False,125,699.21875,5.699999999999999
28,1,121.7,1.94,185,127,52,1.03,719.0,28.9,2.6,4,2,32.34,False,True,False,133,691.3461538461538,10.4
28,1,101.8,1.84,169,136,64,1.08,808.0,29.7,2.7,3,1,30.07,False,False,False,105,741.2844036697247,8.100000000000001
41,1,120.8,1.67,188,146,54,0.82,593.0,20.5,3.0,2,1,43.31,True,False,False,134,714.4578313253012,6.0
53,1,51.7,1.7,175,152,72,1.15,865.0,23.6,3.5,3,2,17.89,True,False,False,103,745.6896551724138,10.5
57,1,112.5,1.61,195,165,61,1.24,1013.0,22.1,2.7,3,2,43.4,False,False,False,134,810.4,8.100000000000001
41,1,94.5,2.0,179,136,69,1.18,794.0,27.6,3.7,3,1,23.62,True,False,False,110,667.2268907563025,11.100000000000001
20,1,117.7,1.81,196,161,54,1.35,1195.0,26.4,3.3,3,2,35.93,False,False,True,142,878.6764705882352,9.899999999999999
39,0,42.5,1.75,181,131,52,1.13,740.0,26.2,2.1,2,1,13.88,False,True,False,129,649.1228070175439,4.2
19,0,64.0,1.53,166,167,58,1.33,1111.0,29.8,2.3,3,2,27.34,True,False,False,108,829.1044776119403,6.8999999999999995
41,0,43.8,1.77,182,165,58,1.19,884.0,31.9,1.6,3,1,13.98,False,False,False,124,736.6666666666667,4.800000000000001
47,0,66.8,1.75,199,146,56,1.13,742.0,32.8,2.5,3,2,21.81,False,True,False,143,650.8771929824562,7.5
55,0,75.2,1.67,188,167,51,1.37,1030.0,25.2,2.2,2,1,26.96,True,False,False,137,746.3768115942029,4.4
19,1,89.0,1.77,175,127,72,1.5,1048.0,28.9,3.7,4,2,28.41,False,True,False,103,694.0397350993377,14.8
38,1,71.9,1.77,197,142,72,1.12,875.0,25.7,3.1,2,1,22.95,False,False,False,125,774.3362831858407,6.2
50,0,71.0,1.68,187,161,70,1.17,848.0,33.1,2.5,2,1,25.16,False,False,True,117,718.6440677966102,5.0
29,1,120.9,1.78,197,168,65,0.78,721.0,28.1,3.4,2,1,38.16,False,False,True,132,912.6582278481012,6.8
39,0,64.3,1.69,190,148,58,1.25,925.0,26.9,1.9,4,2,22.51,True,False,False,132,734.1269841269841,7.6
42,0,63.7,1.71,173,169,62,1.42,1080.0,26.1,1.8,3,2,21.78,False,False,True,111,755.2447552447553,5.4
44,1,65.2,1.8,192,139,68,0.73,502.0,27.2,2.7,2,1,20.12,True,False,False,124,678.3783783783784,5.4
59,1,53.9,1.75,168,135,69,1.48,989.0,21.6,2.8,4,2,17.6,False,True,False,99,663.7583892617449,11.2
45,1,84.9,1.86,186,136,66,1.64,1104.0,14.2,3.5,5,3,24.54,True,False,False,120,669.0909090909091,17.5
33,0,78.0,1.68,183,135,55,1.29,871.0,32.3,1.8,3,2,27.64,True,False,False,128,670.0,5.4
32,1,108.2,1.8,172,138,53,1.27,964.0,28.4,3.5,3,1,33.4,True,False,False,119,753.125,10.5
20,0,65.4,1.52,185,127,50,1.03,654.0,28.0,2.2,4,2,28.31,False,False,True,135,628.8461538461538,8.8
54,0,50.2,1.61,188,157,67,1.48,1046.0,28.2,2.7,2,1,19.37,True,False,False,121,702.0134228187919,5.4
24,0,58.9,1.51,187,157,68,1.04,816.0,31.7,2.5,2,1,25.83,False,False,False,119,777.1428571428571,5.0
38,1,81.4,1.71,187,148,58,1.52,1237.0,10.2,3.5,5,3,27.84,True,False,False,129,808.4967320261438,17.5
26,1,127.6,1.73,167,160,62,1.32,1162.0,27.3,2.9,3,1,42.63,False,True,False,105,873.6842105263157,8.7
56,0,59.3,1.56,182,155,57,1.26,879.0,33.4,2.6,4,2,24.37,False,False,False,125,692.1259842519685,10.4
35,1,96.9,1.71,188,145,72,1.34,1069.0,24.2,2.9,3,2,33.14,False,True,False,116,791.8518518518518,8.7
21,1,62.6,1.81,164,150,62,1.3,1072.0,27.6,3.5,4,2,19.11,False,True,False,102,818.3206106870228,14.0
42,1,45.5,1.6,166,163,64,1.31,1057.0,21.7,2.6,3,2,17.77,False,True,False,102,800.7575757575758,7.800000000000001
31,0,48.8,1.51,195,131,60,1.48,969.0,28.2,2.0,2,1,21.4,False,False,False,135,650.3355704697987,4.0
26,0,44.3,1.6,186,136,61,1.08,734.0,34.7,2.0,3,1,17.3,False,False,False,125,673.394495412844,6.0
43,1,113.2,1.83,161,134,63,1.45,962.0,29.9,2.9,4,2,33.8,False,False,True,98,658.9041095890411,11.6
19,0,60.5,1.59,184,128,53,1.14,730.0,30.1,2.2,2,1,23.93,False,False,False,131,634.7826086956522,4.4
37,1,124.2,1.76,168,158,50,1.5,1304.0,29.3,2.8,2,1,40.1,True,False,False,118,863.5761589403974,5.6
45,1,52.4,1.85,186,161,73,1.2,956.0,25.2,2.5,3,1,15.31,False,True,False,113,790.0826446280992,7.5
24,1,54.7,1.74,160,167,53,0.84,772.0,22.9,3.6,3,1,18.07,False,False,True,107,908.2352941176471,10.8
25,1,88.1,1.95,182,131,68,1.41,1016.0,22.7,3.0,2,1,23.17,False,False,False,114,715.492957746479,6.0
52,0,59.7,1.71,169,151,58,1.23,836.0,34.3,2.0,3,1,20.42,False,True,False,111,674.1935483870968,6.0
31,0,79.7,1.54,184,144,59,1.03,742.0,26.7,2.3,4,2,33.61,False,False,False,125,713.4615384615385,9.2
34,0,51.0,1.62,162,158,53,1.42,1122.0,30.8,2.4,3,2,19.43,False,False,True,109,784.6153846153846,7.199999999999999
53,1,84.2,1.76,165,137,69,1.67,1133.0,12.8,3.5,5,3,27.18,False,False,False,96,674.4047619047619,17.5
57,1,122.1,1.89,165,134,58,1.13,750.0,27.4,3.6,3,1,34.18,False,False,False,107,657.8947368421053,10.8
21,1,96.7,1.72,161,151,62,1.26,1046.0,25.0,2.8,3,1,32.69,False,True,False,99,823.6220472440945,8.399999999999999
19,0,73.0,1.79,177,125,61,0.81,506.0,27.7,1.6,3,1,22.78,True,False,False,116,617.0731707317073,4.800000000000001
23,1,114.8,1.6,182,163,60,1.47,1318.0,21.7,2.7,4,2,44.84,False,False,False,122,890.5405405405405,10.8
59,0,65.5,1.52,161,162,61,1.4,1021.0,31.2,2.1,3,2,28.35,False,False,True,100,724.113475177305,6.300000000000001
21,0,50.3,1.52,171,154,67,1.08,832.0,32.2,2.6,3,1,21.77,False,False,False,104,763.3027522935779,7.800000000000001
46,0,61.0,1.71,181,153,61,1.67,1150.0,17.8,2.7,4,3,20.86,False,False,False,120,684.5238095238095,10.8
35,0,44.6,1.62,196,157,65,0.56,440.0,32.4,2.0,2,1,16.99,True,False,False,131,771.9298245614034,4.0
43,0,58.2,1.61,179,124,54,1.04,580.0,26.4,2.6,3,2,22.45,False,True,False,125,552.3809523809524,7.800000000000001
51,0,44.8,1.63,198,137,69,1.08,666.0,33.8,2.1,4,2,16.86,False,False,True,129,611.0091743119266,8.4
27,1,87.5,1.63,183,135,74,1.75,1299.0,12.9,3.5,5,3,32.93,False,True,False,109,738.0681818181819,17.5
53,1,51.8,1.74,179,127,61,1.23,773.0,21.3,3.7,3,2,17.11,False,True,False,118,623.3870967741935,11.100000000000001
31,0,64.4,1.7,160,144,70,1.97,1418.0,17.3,2.7,5,3,22.28,False,True,False,90,716.1616161616162,13.5
48,0,67.1,1.61,160,151,74,0.62,421.0,33.4,1.5,2,1,25.89,False,False,False,86,668.2539682539682,3.0
32,1,85.9,1.6,176,145,60,1.99,1587.0,14.5,3.5,5,3,33.55,True,False,False,116,793.5,17.5
25,0,65.4,1.77,160,141,58,0.89,627.0,27.6,2.6,3,1,20.88,False,False,False,102,696.6666666666666,7.800000000000001
31,0,61.1,1.76,189,150,67,1.81,1358.0,18.6,2.7,4,3,19.72,False,False,True,122,746.1538461538461,10.8
40,1,106.5,1.65,162,162,74,1.32,1176.0,21.0,3.6,4,2,39.12,True,False,False,88,884.2105263157895,14.4
57,0,64.0,1.52,170,129,52,1.73,1004.0,15.2,2.7,5,3,27.7,False,True,False,118,577.0114942528736,13.5
38,0,61.4,1.54,183,131,69,1.47,963.0,30.6,2.7,3,2,25.89,True,False,False,114,650.6756756756757,8.100000000000001
33,0,40.5,1.63,181,147,66,1.07,786.0,31.9,1.5,4,2,15.24,False,False,True,115,727.7777777777777,6.0
35,1,70.1,1.79,185,125,63,1.08,743.0,28.0,2.3,3,2,21.88,False,False,False,122,681.651376146789,6.8999999999999995
41,1,94.1,1.62,172,139,50,1.13,777.0,23.4,3.1,4,2,35.86,False,False,False,122,681.5789473684212,12.4
43,1,55.5,1.82,160,124,66,1.08,663.0,20.1,2.0,3,1,16.76,False,True,False,94,608.2568807339449,6.0
42,0,53.7,1.72,183,142,74,1.37,875.0,29.8,1.6,3,1,18.15,False,False,False,109,634.0579710144928,4.800000000000001
58,0,66.1,1.75,169,128,57,0.63,363.0,25.2,1.8,2,1,21.58,False,False,False,112,567.1875,3.6
46,1,103.9,1.77,194,148,54,1.18,864.0,20.9,2.9,2,1,33.16,False,False,True,140,726.0504201680673,5.8
32,0,61.7,1.58,183,135,54,1.87,1262.0,16.6,2.7,5,3,24.72,True,False,False,129,671.2765957446808,13.5
18,0,52.3,1.74,187,165,58,1.2,990.0,29.4,2.2,2,1,17.27,False,False,False,129,818.1818181818182,4.4
42,0,59.5,1.74,195,141,52,1.78,1129.0,16.4,2.7,5,3,19.65,False,False,True,143,630.7262569832402,13.5
24,0,72.9,1.76,175,127,68,0.86,546.0,30.8,1.5,3,1,23.53,False,False,True,107,627.5862068965517,4.5
26,0,76.7,1.63,199,139,72,1.08,751.0,25.6,1.7,2,1,28.87,False,True,False,127,688.9908256880733,3.4
41,1,72.1,1.83,175,133,58,1.13,744.0,21.4,2.8,3,2,21.53,False,False,True,117,652.6315789473684,8.399999999999999
18,0,54.8,1.68,176,158,71,1.27,1003.0,32.0,2.2,4,2,19.42,False,True,False,105,783.59375,8.8
25,1,105.0,1.88,174,156,67,1.34,1150.0,21.4,2.3,3,2,29.71,False,False,False,107,851.8518518518518,6.8999999999999995
41,0,55.0,1.55,175,169,65,1.45,1103.0,31.4,2.0,4,2,22.89,False,True,False,110,755.4794520547946,8.0
28,1,81.6,1.66,174,153,50,1.09,917.0,20.5,3.5,4,2,29.61,False,False,True,124,833.6363636363635,14.0
34,0,75.6,1.6,193,130,51,0.64,416.0,29.1,2.7,2,1,29.53,True,False,False,142,640.0,5.4
25,1,81.5,1.61,170,159,63,1.93,1688.0,10.9,3.5,4,3,31.44,True,False,False,107,870.1030927835052,14.0
52,0,61.5,1.69,160,152,63,1.8,1231.0,15.5,2.7,4,3,21.53,False,False,False,97,680.110497237569,10.8
52,1,74.0,1.63,174,150,50,1.26,936.0,25.7,3.7,3,2,27.85,False,False,False,124,737.007874015748,11.100000000000001
50,0,56.4,1.59,185,163,74,1.26,924.0,34.3,2.6,3,1,22.31,True,False,False,111,727.5590551181102,7.800000000000001
22,1,102.6,1.84,163,153,65,1.25,1052.0,20.5,2.7,3,2,30.3,False,True,False,98,834.9206349206349,8.100000000000001
59,0,54.6,1.57,164,169,64,0.58,441.0,29.2,2.3,3,1,22.15,False,False,False,100,747.4576271186442,6.8999999999999995
56,1,129.0,1.78,194,126,64,1.29,805.0,27.1,2.7,2,1,40.71,False,False,True,130,619.2307692307692,5.4
58,1,103.5,1.66,172,168,61,1.33,1106.0,24.6,3.1,3,1,37.56,False,False,False,111,825.3731343283581,9.3
45,0,59.4,1.51,169,142,65,1.15,735.0,33.1,1.9,4,2,26.05,False,True,False,104,633.6206896551724,7.6
24,0,60.1,1.79,170,165,63,1.97,1625.0,15.9,2.7,4,3,18.76,False,False,False,107,820.7070707070707,10.8
26,1,77.7,1.62,177,126,73,1.16,804.0,29.6,3.0,3,2,29.61,False,False,True,104,687.1794871794872,9.0
25,0,41.2,1.62,193,144,64,1.49,1073.0,28.9,2.1,4,2,15.7,False,False,True,129,715.3333333333334,8.4
29,1,58.6,1.61,198,122,72,1.2,805.0,23.4,2.0,3,2,22.61,False,False,True,126,665.2892561983472,6.0
51,1,109.3,1.78,182,157,64,0.54,420.0,28.7,3.3,3,1,34.5,False,True,False,118,763.6363636363636,9.899999999999999
50,1,69.6,1.96,166,139,68,0.97,667.0,25.6,2.0,3,1,18.12,False,True,False,98,680.6122448979592,6.0
40,0,56.2,1.79,198,153,57,1.79,1369.0,17.6,2.7,5,3,17.54,False,False,True,141,760.5555555555555,13.5
41,1,71.7,1.96,162,168,51,0.51,424.0,27.3,2.5,2,1,18.66,False,False,True,111,815.3846153846154,5.0
54,1,86.0,1.93,171,163,51,1.74,1404.0,12.9,3.5,5,3,23.09,False,True,False,120,802.2857142857143,17.5
52,0,79.4,1.59,166,163,59,1.39,1020.0,26.6,1.5,3,2,31.41,False,True,False,107,728.5714285714287,4.5
57,0,78.4,1.62,185,149,52,1.01,677.0,31.7,2.0,4,2,29.87,False,True,False,133,663.7254901960785,8.0
39,0,55.4,1.6,192,136,72,1.44,979.0,26.3,1.6,3,2,21.64,True,False,False,120,675.1724137931035,4.800000000000001
44,0,61.7,1.55,196,129,66,1.41,819.0,33.1,2.6,4,2,25.68,False,True,False,130,576.7605633802817,10.4
52,1,85.5,1.82,174,154,57,1.78,1357.0,14.9,3.5,4,3,25.81,False,False,True,117,758.1005586592179,14.0
18,1,87.6,1.93,161,139,72,1.72,1315.0,11.9,3.5,4,3,23.52,True,False,False,89,760.1156069364162,14.0
52,1,82.4,1.72,166,137,53,1.01,685.0,24.4,2.7,4,2,27.85,False,True,False,113,671.5686274509803,10.8
54,1,67.0,1.68,191,164,63,0.55,446.0,20.5,2.8,3,1,23.74,False,False,True,128,796.4285714285713,8.399999999999999
31,0,42.3,1.6,163,163,70,1.09,888.0,25.1,1.9,3,2,16.52,False,False,False,93,807.2727272727273,5.699999999999999
20,1,82.7,1.99,179,146,59,1.69,1357.0,14.6,3.5,5,3,20.88,True,False,False,120,798.2352941176471,17.5
18,1,92.4,1.74,195,168,50,1.41,1303.0,21.3,3.1,2,1,30.52,False,False,True,145,917.6056338028169,6.2
22,0,63.2,1.54,191,155,53,1.02,790.0,29.5,2.4,4,2,26.65,False,False,False,138,766.9902912621359,9.6
43,1,82.7,1.85,187,142,50,1.22,858.0,28.2,3.1,4,2,24.16,False,False,True,137,697.5609756097562,12.4
31,1,86.6,1.76,172,151,66,1.29,1071.0,28.9,3.3,3,2,27.96,False,True,False,106,823.8461538461538,9.899999999999999
56,1,129.5,1.95,160,129,66,1.0,639.0,25.2,3.5,2,1,34.06,False,True,False,94,632.6732673267327,7.0
44,1,98.0,1.83,194,130,56,1.28,824.0,25.7,3.5,4,2,29.26,False,False,False,138,638.7596899224806,14.0
26,1,86.2,1.68,189,157,72,1.97,1701.0,13.3,3.5,5,3,30.54,False,True,False,117,859.0909090909091,17.5
32,1,78.6,1.62,195,125,69,1.28,880.0,29.6,3.1,3,1,29.95,False,False,True,126,682.1705426356589,9.3
32,0,59.0,1.66,184,160,64,0.51,408.0,31.0,1.8,2,1,21.41,False,False,False,120,784.6153846153846,3.6
43,0,57.3,1.79,175,166,62,1.98,1479.0,17.8,2.7,4,3,17.88,False,False,True,113,743.2160804020101,10.8
59,1,122.3,1.89,178,153,51,0.66,500.0,20.1,3.1,3,1,34.24,False,False,True,127,746.2686567164179,9.3
30,1,85.3,1.95,160,155,68,1.61,1373.0,10.4,3.5,5,3,22.43,False,False,True,92,847.5308641975308,17.5
49,0,45.2,1.74,164,156,73,1.24,870.0,30.8,2.1,3,2,14.93,False,True,False,91,696.0,6.300000000000001
56,1,55.6,1.92,181,136,62,0.68,458.0,29.4,3.2,3,1,15.08,False,True,False,119,663.7681159420289,9.600000000000001
49,1,82.8,1.95,183,159,73,1.91,1503.0,14.3,3.5,5,3,21.78,False,False,True,110,782.8125,17.5
21,1,125.2,1.66,196,159,60,1.38,1207.0,29.8,3.4,3,2,45.43,True,False,False,136,868.3453237410073,10.2
47,0,58.5,1.79,195,131,71,1.42,837.0,30.3,2.4,4,2,18.26,False,False,True,124,585.3146853146853,9.6
54,1,86.1,1.95,195,140,64,1.17,811.0,27.9,3.4,2,1,22.64,False,False,True,131,687.2881355932204,6.8
40,0,63.5,1.61,163,159,59,1.31,1041.0,33.4,1.6,3,2,24.5,False,False,False,104,788.6363636363636,4.800000000000001
56,1,69.3,1.68,195,138,58,0.66,451.0,26.5,2.1,2,1,24.55,False,False,True,137,673.1343283582089,4.2
32,0,70.5,1.62,177,122,58,1.24,756.0,28.4,1.8,2,1,26.86,False,True,False,119,604.8,3.6
46,0,60.1,1.65,175,137,69,1.69,1042.0,17.3,2.7,4,3,22.08,False,False,False,106,612.9411764705883,10.8
53,1,94.1,1.95,177,138,50,0.89,608.0,28.6,3.5,3,1,24.75,True,False,False,127,675.5555555555555,10.5
30,0,79.2,1.62,181,166,66,1.26,1046.0,28.0,2.5,4,2,30.18,False,False,False,115,823.6220472440945,10.0
49,1,115.3,1.91,161,125,61,1.38,854.0,29.2,3.2,2,1,31.61,True,False,False,100,614.3884892086331,6.4
24,0,62.9,1.79,180,135,59,1.42,958.0,27.3,2.3,4,2,19.63,False,False,False,121,669.93006993007,9.2
39,1,62.0,1.64,195,127,54,0.97,678.0,27.5,3.2,3,1,23.05,False,False,False,141,691.8367346938776,9.600000000000001
45,1,88.5,1.78,198,167,67,1.53,1265.0,13.2,3.5,4,3,27.93,True,False,False,131,821.4285714285714,14.0
19,0,73.9,1.77,198,137,64,1.28,877.0,32.5,2.6,3,2,23.59,False,True,False,134,679.8449612403101,7.800000000000001
59,1,50.3,1.95,188,167,55,1.07,885.0,24.4,3.4,3,1,13.23,False,True,False,133,819.4444444444443,10.2
23,1,83.1,1.8,185,162,56,0.7,624.0,29.3,3.1,3,1,25.65,False,True,False,129,878.8732394366198,9.3
45,0,65.1,1.78,180,158,66,1.46,1038.0,31.3,2.3,3,1,20.55,False,False,False,114,706.1224489795918,6.8999999999999995
45,1,46.6,1.79,176,168,55,1.46,1214.0,22.9,2.4,3,2,14.54,False,False,True,121,825.8503401360545,7.199999999999999
37,1,103.5,1.89,175,168,57,0.54,499.0,26.4,3.1,2,1,28.97,False,False,False,118,907.2727272727273,6.2
47,0,61.9,1.54,190,131,61,1.95,1150.0,16.4,2.7,4,3,26.1,False,False,True,129,586.7346938775511,10.8
28,0,52.0,1.61,168,164,70,1.32,1082.0,27.9,2.0,3,2,20.06,False,False,True,98,813.5338345864661,6.0
45,1,113.4,1.71,190,129,63,0.83,530.0,24.0,2.3,2,1,38.78,False,True,False,127,630.952380952381,4.6
42,1,62.9,1.98,173,126,61,1.42,886.0,28.5,3.4,4,2,16.04,False,False,True,112,619.5804195804196,13.6
56,0,40.4,1.8,196,165,72,1.23,913.0,30.0,2.1,4,2,12.47,False,False,False,124,736.2903225806451,8.4
50,0,67.1,1.75,161,120,59,0.67,362.0,31.8,2.7,3,1,21.91,False,False,False,102,532.3529411764705,8.100000000000001
18,1,70.0,1.61,173,168,71,1.3,1201.0,23.9,2.5,2,1,27.01,False,True,False,102,916.7938931297709,5.0
44,0,69.5,1.75,192,155,69,1.02,711.0,27.6,2.1,3,1,22.69,True,False,False,123,690.2912621359224,6.300000000000001
30,1,107.9,1.66,194,140,64,1.08,832.0,29.5,2.8,3,2,39.16,False,False,False,130,763.3027522935779,8.399999999999999
58,1,109.0,1.91,198,156,56,1.49,1151.0,26.0,2.2,3,2,29.88,False,False,True,142,767.3333333333334,6.6000000000000005
20,1,101.0,1.91,179,143,58,1.36,1070.0,29.3,2.7,3,2,27.69,False,False,False,121,781.0218978102189,8.100000000000001
56,1,88.5,1.85,161,144,59,1.57,1119.0,11.0,3.5,4,3,25.86,False,False,False,102,708.2278481012657,14.0
23,1,80.9,1.8,178,126,59,1.55,1074.0,10.7,3.5,4,3,24.97,False,False,False,119,688.4615384615385,14.0
25,0,43.1,1.62,196,161,65,1.04,837.0,33.6,1.8,4,2,16.42,True,False,False,131,797.1428571428571,7.2
44,0,59.1,1.52,177,136,56,1.58,967.0,18.4,2.7,5,3,25.58,False,False,True,121,608.1761006289308,13.5
26,0,54.0,1.53,175,148,54,1.14,844.0,26.9,1.7,3,1,23.07,False,True,False,121,733.9130434782609,5.1
54,0,72.3,1.78,163,149,72,1.27,852.0,27.7,1.8,2,1,22.82,False,False,False,91,665.625,3.6
50,1,51.1,1.98,171,126,52,0.92,574.0,28.0,2.4,2,1,13.03,False,False,True,119,617.2043010752687,4.8
59,1,89.4,1.72,188,152,67,1.08,813.0,24.5,3.2,3,1,30.22,False,False,True,121,745.8715596330275,9.600000000000001
41,1,51.5,1.8,166,126,60,1.09,680.0,26.7,2.1,4,2,15.9,False,True,False,106,618.1818181818181,8.4
32,1,87.9,1.88,173,143,64,1.52,1195.0,11.6,3.5,5,3,24.87,False,False,False,109,781.0457516339869,17.5
49,0,42.0,1.52,171,130,70,1.1,644.0,28.8,2.2,3,1,18.18,True,False,False,101,580.1801801801802,6.6000000000000005
49,1,79.2,1.72,194,128,69,1.46,925.0,29.9,3.3,3,1,26.77,False,False,True,125,629.2517006802722,9.899999999999999
41,1,64.8,1.71,164,131,54,1.2,778.0,22.5,2.8,3,2,22.16,False,True,False,110,642.9752066115702,8.399999999999999
58,0,63.0,1.78,176,154,73,1.58,1095.0,17.5,2.7,4,3,19.88,True,False,False,103,688.6792452830189,10.8
29,0,56.2,1.77,191,123,61,0.68,418.0,33.4,2.6,3,1,17.94,False,False,True,130,605.7971014492753,7.800000000000001
56,0,52.9,1.64,169,155,53,1.1,767.0,27.4,2.3,3,2,19.67,False,False,False,116,690.9909909909909,6.8999999999999995
19,0,49.0,1.69,176,147,64,1.05,772.0,29.2,2.4,3,1,17.16,False,False,True,112,728.3018867924528,7.199999999999999
20,1,128.2,1.84,164,132,58,0.83,603.0,26.2,2.3,3,1,37.87,True,False,False,106,717.8571428571429,6.8999999999999995
54,1,83.6,1.86,168,142,56,1.54,1082.0,12.4,3.5,5,3,24.16,True,False,False,112,698.0645161290322,17.5
34,0,56.2,1.77,192,138,59,1.81,1249.0,17.3,2.7,5,3,17.94,False,False,False,133,686.2637362637363,13.5
19,1,87.8,1.78,195,161,72,1.28,1133.0,23.6,3.3,2,1,27.71,False,False,False,123,878.2945736434108,6.6
19,1,85.9,1.85,195,156,62,1.66,1424.0,12.9,3.5,4,3,25.1,False,True,False,133,852.6946107784431,14.0
45,1,51.1,1.87,177,158,57,1.44,1126.0,26.2,3.4,4,2,14.61,False,False,False,120,776.551724137931,13.6
40,0,57.4,1.71,168,143,61,1.87,1337.0,18.3,2.7,5,3,19.63,False,True,False,107,711.1702127659574,13.5
54,1,114.9,1.92,188,135,71,1.2,802.0,20.7,2.6,4,2,31.17,True,False,False,117,662.8099173553719,10.4
49,0,62.1,1.66,173,152,73,1.37,937.0,31.3,1.8,3,2,22.54,True,False,False,100,678.9855072463768,5.4
50,1,57.1,1.91,184,131,68,1.09,707.0,29.5,2.7,4,2,15.65,False,False,True,116,642.7272727272726,10.8
18,1,68.1,1.8,174,153,50,1.1,926.0,25.4,3.3,4,2,21.02,False,False,True,124,834.2342342342341,13.2
36,1,69.2,1.65,165,126,65,1.23,852.0,27.2,2.7,3,1,25.42,False,True,False,100,687.0967741935484,8.100000000000001
19,0,65.2,1.52,188,130,71,1.23,800.0,30.6,2.4,3,1,28.22,False,False,False,117,645.1612903225806,7.199999999999999
43,1,108.6,1.73,174,150,66,1.33,988.0,28.5,2.2,2,1,36.29,False,False,False,108,737.3134328358209,4.4
49,0,40.0,1.65,188,148,74,1.03,686.0,34.3,2.5,3,2,14.69,False,False,True,114,659.6153846153846,7.5
23,0,41.9,1.58,163,132,67,0.56,370.0,26.8,1.8,3,1,16.78,True,False,False,96,649.1228070175438,5.4
49,0,68.3,1.52,177,150,60,1.45,979.0,29.4,1.8,4,2,29.56,False,True,False,117,670.5479452054794,7.2
21,1,88.4,1.6,198,121,67,1.71,1138.0,12.0,3.5,4,3,34.53,True,False,False,131,661.6279069767442,14.0
28,1,66.0,1.9,175,158,56,1.18,1025.0,24.1,3.0,3,1,18.28,True,False,False,119,861.344537815126,9.0
34,1,71.9,1.64,170,134,67,1.26,929.0,21.3,2.1,4,2,26.73,False,False,False,103,731.496062992126,8.4
55,1,75.6,1.71,173,130,57,1.03,663.0,28.1,2.0,4,2,25.85,False,True,False,116,637.5,8.0
41,0,63.4,1.59,162,153,55,1.84,1267.0,15.2,2.7,5,3,25.08,True,False,False,107,684.8648648648648,13.5
22,0,71.6,1.77,197,158,56,1.49,1177.0,30.3,1.8,3,1,22.85,False,False,True,141,784.6666666666666,5.4
51,0,57.4,1.77,177,123,72,1.08,598.0,31.6,2.1,4,2,18.32,False,False,True,105,548.6238532110091,8.4
23,1,83.8,1.99,179,130,71,1.79,1280.0,11.0,3.5,4,3,21.16,False,False,False,108,711.1111111111111,14.0
39,0,55.9,1.71,184,148,59,1.95,1443.0,19.5,2.7,5,3,19.12,False,False,True,125,736.2244897959184,13.5
28,1,87.0,1.76,197,121,60,1.2,799.0,28.4,3.5,3,2,28.09,False,False,True,137,660.3305785123968,10.5
33,0,65.3,1.71,172,135,74,1.18,796.0,29.7,2.5,4,2,22.33,True,False,False,98,668.9075630252102,10.0
50,1,45.4,1.67,163,158,62,1.37,1071.0,24.1,2.8,4,2,16.28,False,False,True,101,776.086956521739,11.2
26,1,87.1,1.87,173,132,58,1.71,1241.0,11.2,3.5,4,3,24.91,False,False,True,115,721.5116279069767,14.0
23,0,78.6,1.73,192,156,56,1.47,1147.0,32.3,1.5,4,2,26.26,True,False,False,136,775.0,6.0
33,0,78.0,1.71,187,136,58,1.08,734.0,26.3,2.1,3,1,26.67,False,False,False,129,673.394495412844,6.300000000000001
46,0,58.0,1.53,196,140,62,1.83,1153.0,18.4,2.7,4,3,24.78,False,False,False,134,626.6304347826086,10.8
20,0,71.3,1.69,167,163,52,1.28,1043.0,33.4,2.3,3,2,24.96,False,True,False,115,808.5271317829457,6.8999999999999995
37,1,49.1,1.74,193,138,52,1.11,842.0,22.3,2.6,3,2,16.22,False,False,True,141,751.7857142857142,7.800000000000001
53,0,78.3,1.65,164,126,50,1.24,703.0,33.7,1.6,3,1,28.76,True,False,False,114,562.4,4.800000000000001
36,0,57.3,1.64,164,157,70,1.13,887.0,25.3,1.8,4,2,21.3,False,True,False,94,778.0701754385966,7.2
43,0,48.4,1.61,190,127,69,1.28,732.0,34.1,2.4,2,1,18.67,False,False,False,121,567.4418604651163,4.8
20,1,76.4,1.62,168,132,51,1.35,980.0,21.2,2.6,4,2,29.11,False,False,False,117,720.5882352941176,10.4
36,1,110.2,1.77,191,156,74,1.19,1021.0,26.5,3.4,2,1,35.18,True,False,False,117,850.8333333333334,6.8
37,0,72.9,1.76,192,121,52,1.21,732.0,27.5,1.9,3,2,23.53,False,True,False,140,600.0,5.699999999999999
49,1,82.1,1.86,162,160,64,1.87,1481.0,14.2,3.5,4,3,23.73,False,True,False,98,787.7659574468084,14.0
24,0,58.9,1.76,189,130,73,0.63,410.0,30.1,1.7,3,1,19.01,True,False,False,116,640.625,5.1
58,1,82.2,1.87,171,143,55,1.57,1111.0,10.7,3.5,4,3,23.51,True,False,False,116,703.1645569620252,14.0
50,1,96.7,1.72,188,125,62,1.46,903.0,25.7,2.7,3,2,32.69,False,True,False,126,614.2857142857143,8.100000000000001
57,1,81.4,1.86,162,145,70,1.8,1292.0,12.0,3.5,5,3,23.53,False,False,False,92,713.8121546961326,17.5
56,1,107.8,1.73,185,126,50,1.09,680.0,26.6,2.8,3,2,36.02,False,False,True,135,618.1818181818181,8.399999999999999
35,0,65.8,1.62,189,158,69,1.0,790.0,33.8,1.5,4,2,25.07,False,False,False,120,782.1782178217821,6.0
57,0,68.5,1.56,168,138,68,1.45,900.0,29.1,1.6,4,2,28.15,True,False,False,100,616.4383561643835,6.4
18,0,63.9,1.59,185,125,50,1.87,1169.0,16.4,2.7,4,3,25.28,False,True,False,135,621.8085106382979,10.8
28,1,76.3,1.62,161,162,70,1.16,1034.0,20.1,2.3,3,2,29.07,False,True,False,91,883.7606837606838,6.8999999999999995
45,0,44.5,1.65,162,148,71,1.44,959.0,30.7,1.6,3,1,16.35,False,False,True,91,661.3793103448276,4.800000000000001
42,0,50.7,1.75,163,162,51,1.29,940.0,29.0,1.9,3,2,16.56,False,True,False,112,723.0769230769231,5.699999999999999
40,0,55.1,1.61,184,158,64,1.55,1224.0,16.9,2.7,4,3,21.26,False,False,True,120,784.6153846153846,10.8
48,1,73.7,1.61,172,121,63,1.36,815.0,21.8,3.6,4,2,28.43,False,False,False,109,594.8905109489051,14.4
47,1,55.6,1.77,198,138,68,1.2,820.0,24.3,2.9,4,2,17.75,False,False,False,130,677.6859504132232,11.6
59,1,86.9,1.76,194,123,60,1.13,688.0,29.8,3.1,3,2,28.05,False,True,False,134,603.5087719298247,9.3
52,0,60.3,1.68,182,125,64,1.6,900.0,16.5,2.7,4,3,21.36,False,True,False,118,559.0062111801242,10.8
24,0,40.4,1.64,168,168,55,0.99,832.0,31.0,1.9,2,1,15.02,True,False,False,113,832.0,3.8
33,0,78.5,1.66,161,156,69,1.29,1006.0,32.8,1.9,4,2,28.49,True,False,False,92,773.8461538461538,7.6
43,1,102.6,1.72,190,147,58,0.82,597.0,27.5,2.0,2,1,34.68,False,True,False,132,719.277108433735,4.0
19,1,110.8,1.91,161,149,54,1.31,1074.0,23.3,2.9,2,1,30.37,False,True,False,107,813.6363636363636,5.8
18,0,60.9,1.79,191,126,69,1.11,699.0,31.1,2.1,2,1,19.01,False,False,False,122,624.1071428571428,4.2
29,1,55.7,1.61,177,128,51,1.41,993.0,28.7,2.3,3,1,21.49,False,True,False,126,699.2957746478874,6.8999999999999995
22,1,110.5,1.92,172,144,55,1.16,919.0,20.2,3.3,3,2,29.98,True,False,False,117,785.4700854700856,9.899999999999999
54,1,55.2,1.71,164,152,67,0.77,579.0,24.4,2.8,2,1,18.88,False,False,False,97,742.3076923076923,5.6
49,1,46.5,1.72,169,120,72,1.4,832.0,22.2,2.6,4,2,15.72,False,False,True,97,590.0709219858156,10.4
26,0,70.9,1.66,184,125,68,0.81,506.0,28.9,1.7,3,1,25.73,True,False,False,116,617.0731707317073,5.1
58,1,74.6,1.75,193,137,58,1.09,739.0,24.2,2.9,2,1,24.36,True,False,False,135,671.8181818181818,5.8
52,1,45.1,1.72,196,129,70,0.93,594.0,27.5,3.3,2,1,15.24,False,False,False,126,631.9148936170212,6.6
36,1,99.9,1.99,189,147,73,1.33,1075.0,20.9,2.5,3,1,25.23,False,False,True,116,802.2388059701492,7.5
33,1,117.0,1.61,166,130,55,1.04,744.0,25.1,2.4,3,2,45.14,True,False,False,111,708.5714285714286,7.199999999999999
20,0,75.9,1.73,165,152,63,1.39,1056.0,30.6,2.1,4,2,25.36,False,True,False,102,754.2857142857143,8.4
37,0,71.2,1.64,162,120,73,1.11,666.0,29.9,1.7,3,2,26.47,True,False,False,89,594.6428571428571,5.1
41,1,78.8,1.72,172,132,62,1.01,660.0,27.3,3.1,4,2,26.64,False,False,False,110,647.0588235294117,12.4
50,1,50.6,1.69,162,156,60,1.31,1012.0,23.8,3.0,2,1,17.72,False,False,False,102,766.6666666666666,6.0
41,1,82.5,1.79,185,139,61,1.69,1163.0,14.7,3.5,4,3,25.75,False,False,False,124,684.1176470588235,14.0
28,1,108.5,1.79,183,120,68,1.33,878.0,24.8,2.1,4,2,33.86,True,False,False,115,655.2238805970148,8.4
25,1,49.9,1.98,165,122,68,1.15,772.0,25.7,2.1,3,2,12.73,False,False,True,97,665.5172413793103,6.300000000000001
53,1,125.1,1.91,171,137,70,0.52,353.0,28.3,3.1,2,1,34.29,False,True,False,101,666.0377358490566,6.2
55,0,79.7,1.66,195,160,68,1.06,763.0,27.8,1.9,2,1,28.92,False,False,False,127,713.0841121495326,3.8
57,1,126.8,1.63,161,133,73,0.96,632.0,20.8,2.1,2,1,47.72,False,False,True,88,651.5463917525774,4.2
37,0,54.6,1.57,170,150,62,1.31,982.0,32.1,2.4,3,1,22.15,False,True,False,108,743.9393939393939,7.199999999999999
52,0,47.8,1.54,198,146,63,1.34,880.0,29.8,1.9,3,2,20.16,False,False,False,135,651.8518518518518,5.699999999999999
42,1,97.9,1.91,193,136,73,1.01,680.0,29.0,2.8,3,2,26.84,False,True,False,120,666.6666666666666,8.399999999999999
52,0,63.1,1.54,185,165,67,1.36,1010.0,34.8,1.8,3,2,26.61,False,True,False,118,737.2262773722628,5.4
42,0,72.4,1.69,177,148,61,1.07,713.0,29.0,2.3,3,2,25.35,False,False,True,116,660.1851851851851,6.8999999999999995
46,0,58.9,1.7,180,155,53,1.52,1060.0,17.1,2.7,4,3,20.38,False,True,False,127,692.8104575163399,10.8
35,0,50.4,1.6,195,156,59,1.03,803.0,29.1,1.9,4,2,19.69,False,False,False,136,772.1153846153846,7.6
35,0,64.2,1.59,199,145,66,1.63,1182.0,16.6,2.7,5,3,25.39,False,False,True,133,720.7317073170732,13.5
19,0,58.8,1.77,181,136,53,1.4,952.0,32.8,2.7,2,1,18.77,True,False,False,128,675.1773049645391,5.4
52,1,105.2,1.62,189,141,61,1.36,949.0,27.6,3.2,3,1,40.09,True,False,False,128,692.7007299270073,9.600000000000001
33,0,45.9,1.5,189,144,62,0.92,662.0,29.8,1.7,3,1,20.4,False,False,True,127,711.8279569892472,5.1
58,0,65.2,1.63,167,121,53,1.12,610.0,25.4,2.0,3,2,24.54,True,False,False,114,539.8230088495575,6.0
53,0,56.3,1.79,193,141,59,1.52,964.0,16.5,2.7,5,3,17.57,False,True,False,134,630.0653594771242,13.5
50,1,90.0,1.7,168,124,74,0.81,497.0,22.9,2.7,2,1,31.14,False,False,False,94,606.0975609756097,5.4
21,0,60.0,1.7,179,123,52,1.97,1212.0,19.1,2.7,5,3,20.76,False,True,False,127,612.1212121212121,13.5
50,1,51.5,1.71,199,155,64,1.48,1136.0,20.9,2.9,2,1,17.61,False,False,True,135,762.4161073825503,5.8
31,0,63.1,1.64,184,125,51,1.54,962.0,19.0,2.7,4,3,23.46,False,False,False,133,620.6451612903226,10.8
38,1,91.5,1.77,178,140,74,0.8,616.0,26.7,3.4,2,1,29.21,False,False,True,104,760.4938271604938,6.8
37,1,48.7,1.67,164,132,74,1.39,1009.0,27.3,3.0,2,1,17.46,False,False,True,90,720.7142857142858,6.0
25,0,57.8,1.56,170,156,66,1.35,1053.0,29.3,1.6,3,2,23.75,False,False,True,104,774.2647058823529,4.800000000000001
24,0,42.0,1.75,174,144,55,0.83,598.0,31.8,2.3,3,1,13.71,False,True,False,119,711.9047619047619,6.8999999999999995
20,1,128.4,1.92,167,145,57,0.63,502.0,26.1,2.0,2,1,34.83,False,False,False,110,784.375,4.0
34,0,74.2,1.57,178,158,52,1.47,1161.0,32.7,2.4,3,1,30.1,False,False,False,126,784.4594594594595,7.199999999999999
50,1,89.6,1.68,182,139,74,1.79,1232.0,12.2,3.5,5,3,31.75,False,False,False,108,684.4444444444445,17.5
29,1,125.9,2.0,186,152,67,1.36,1137.0,24.7,3.1,4,2,31.48,False,True,False,119,829.92700729927,12.4
39,1,105.5,1.99,199,133,71,0.81,593.0,26.4,2.5,2,1,26.64,True,False,False,128,723.170731707317,5.0
39,1,93.4,1.7,191,155,50,1.1,938.0,21.1,2.5,4,2,32.32,False,True,False,141,845.045045045045,10.0
47,1,82.1,1.84,185,136,65,1.37,922.0,24.4,3.4,4,2,24.25,False,True,False,120,668.1159420289855,13.6
55,0,42.9,1.69,186,140,56,0.9,567.0,34.7,2.4,2,1,15.02,False,False,True,130,623.0769230769231,4.8
55,1,128.4,1.68,178,165,52,1.13,923.0,20.4,2.6,4,2,45.49,False,False,False,126,809.6491228070176,10.4
25,1,112.4,1.96,188,135,72,1.42,1054.0,23.2,2.5,2,1,29.26,False,False,False,116,737.0629370629371,5.0
44,0,77.7,1.79,198,165,53,1.41,1047.0,28.1,2.2,3,1,24.25,True,False,False,145,737.3239436619718,6.6000000000000005
44,1,89.3,1.99,192,135,58,1.4,936.0,26.3,2.0,4,2,22.55,True,False,False,134,663.8297872340426,8.0
51,0,70.3,1.55,178,139,54,1.4,876.0,26.1,1.6,3,1,29.26,False,False,True,124,621.2765957446809,4.800000000000001
38,0,59.1,1.72,196,148,68,1.07,792.0,31.3,1.7,3,2,19.98,False,False,False,128,733.3333333333333,5.1
47,0,49.9,1.69,178,147,64,1.48,979.0,26.0,1.7,3,2,17.47,True,False,False,114,657.0469798657718,5.1
50,1,101.7,1.67,192,127,57,0.53,333.0,20.9,2.9,2,1,36.47,True,False,False,135,616.6666666666666,5.8
45,1,93.0,1.91,175,143,55,1.03,729.0,27.3,3.7,3,2,25.49,False,False,False,120,700.9615384615385,11.100000000000001
50,1,87.4,1.6,182,122,67,0.77,465.0,23.2,3.1,2,1,34.14,False,True,False,115,596.1538461538462,6.2
22,0,55.1,1.61,166,144,68,1.62,1166.0,19.9,2.7,4,3,21.26,True,False,False,98,715.3374233128834,10.8
36,1,123.7,1.69,185,138,73,1.3,987.0,20.4,2.1,4,2,43.31,False,False,False,112,753.4351145038167,8.4
21,0,61.3,1.57,191,152,64,1.94,1474.0,17.2,2.7,4,3,24.87,True,False,False,127,755.8974358974359,10.8
52,1,72.3,1.94,171,121,56,1.46,874.0,21.1,2.9,3,2,19.21,False,False,True,115,594.5578231292517,8.7
34,0,69.2,1.53,167,134,59,1.36,911.0,28.5,2.1,2,1,29.56,True,False,False,108,664.963503649635,4.2
45,1,81.4,1.61,164,141,55,1.14,796.0,30.0,2.2,4,2,31.4,False,False,False,109,692.1739130434784,8.8
47,1,84.8,1.86,187,129,63,1.85,1181.0,14.4,3.5,5,3,24.51,True,False,False,124,634.9462365591397,17.5
46,1,55.1,1.72,164,137,66,1.43,970.0,20.5,3.6,3,2,18.62,False,False,True,98,673.6111111111111,10.8
23,0,59.0,1.78,185,141,58,1.67,1177.0,17.8,2.7,5,3,18.62,False,False,True,127,700.5952380952381,13.5
52,0,64.9,1.51,164,165,68,1.83,1359.0,18.2,2.7,4,3,28.46,True,False,False,96,738.5869565217391,10.8
58,1,109.7,1.75,181,168,54,1.01,840.0,22.1,2.7,2,1,35.82,True,False,False,127,823.5294117647059,5.4
54,1,78.4,1.9,174,146,72,0.81,585.0,21.5,3.7,2,1,21.72,False,False,True,102,713.4146341463414,7.4
41,0,76.7,1.79,172,132,56,1.4,832.0,34.0,2.0,4,2,23.94,False,False,True,116,590.0709219858156,8.0
46,0,63.1,1.61,187,152,68,1.0,684.0,34.7,2.2,4,2,24.34,False,True,False,119,677.2277227722773,8.8
48,0,62.9,1.58,192,124,69,1.98,1105.0,20.0,2.7,4,3,25.2,False,True,False,123,555.2763819095477,10.8
52,1,85.6,1.74,182,145,56,1.84,1321.0,13.9,3.5,4,3,28.27,False,False,True,126,714.0540540540541,14.0
50,0,66.3,1.57,192,132,73,1.25,742.0,31.6,1.6,2,1,26.9,True,False,False,119,588.8888888888889,3.2
38,1,61.3,1.97,177,146,51,1.37,1100.0,23.5,2.8,3,1,15.8,False,False,False,126,797.1014492753623,8.399999999999999
49,0,44.1,1.65,189,133,74,1.16,694.0,26.7,1.8,4,2,16.2,True,False,False,115,593.1623931623932,7.2
40,1,63.8,1.62,185,143,72,1.3,1022.0,20.8,3.4,2,1,24.31,True,False,False,113,780.1526717557251,6.8
50,0,55.4,1.55,175,122,65,1.85,1016.0,18.5,2.7,4,3,23.06,False,True,False,110,546.236559139785,10.8
20,0,74.7,1.58,172,166,62,1.04,863.0,32.8,2.4,3,2,29.92,False,True,False,110,821.9047619047619,7.199999999999999
35,0,78.0,1.67,198,168,57,1.13,949.0,33.3,2.5,4,2,27.97,False,True,False,141,832.4561403508773,10.0
42,0,57.5,1.67,192,149,55,1.14,764.0,34.1,2.4,2,1,20.62,False,False,True,137,664.3478260869566,4.8
59,0,60.7,1.73,185,154,55,1.03,714.0,33.8,2.5,3,2,20.28,False,False,True,130,686.5384615384615,7.5
48,1,69.0,1.74,160,167,58,1.48,1223.0,30.0,2.3,3,2,22.79,True,False,False,102,820.8053691275168,6.8999999999999995
20,0,75.8,1.78,197,133,53,1.42,944.0,27.4,2.0,4,2,23.92,True,False,False,144,660.1398601398602,8.0
57,0,75.7,1.63,161,131,60,0.69,407.0,32.6,2.3,3,1,28.49,False,False,False,101,581.4285714285714,6.8999999999999995
41,0,71.2,1.64,165,147,54,1.42,939.0,30.9,2.3,3,2,26.47,True,False,False,111,656.6433566433567,6.8999999999999995
49,1,85.0,1.68,197,163,74,1.82,1468.0,11.3,3.5,4,3,30.12,True,False,False,123,802.1857923497267,14.0
39,0,63.6,1.56,183,148,66,1.22,903.0,34.8,2.4,2,1,26.13,False,True,False,117,734.1463414634146,4.8
40,1,73.2,1.94,177,162,69,0.81,722.0,29.0,2.4,2,1,19.45,False,True,False,108,880.4878048780487,4.8
19,0,48.3,1.52,186,136,56,0.96,653.0,26.3,1.6,2,1,20.91,False,True,False,130,673.1958762886599,3.2
44,0,42.8,1.78,167,159,64,1.49,1066.0,25.3,2.6,3,2,13.51,False,True,False,103,710.6666666666666,7.800000000000001
59,1,88.1,1.76,187,168,74,1.35,1123.0,26.9,3.0,3,2,28.44,False,True,False,113,825.735294117647,9.0
19,0,72.4,1.75,169,140,64,1.2,840.0,31.0,1.7,4,2,23.64,False,False,False,105,694.2148760330579,6.8
43,1,73.2,1.88,176,142,63,1.17,822.0,29.4,3.3,3,1,20.71,False,False,False,113,696.6101694915254,9.899999999999999
34,1,110.5,1.86,188,139,62,1.42,1086.0,22.3,3.6,2,1,31.94,False,False,False,126,759.4405594405595,7.2
57,0,46.1,1.76,165,130,60,1.44,842.0,25.8,1.7,3,2,14.88,False,True,False,105,580.6896551724138,5.1
50,1,90.8,1.71,173,153,62,1.07,810.0,22.6,3.4,4,2,31.05,False,False,True,111,750.0,13.6
26,0,59.3,1.51,181,129,71,1.7,1096.0,15.1,2.7,5,3,26.01,False,True,False,110,640.9356725146199,13.5
56,0,45.1,1.73,165,129,73,0.83,482.0,25.4,2.6,3,1,15.07,False,True,False,92,573.8095238095239,7.800000000000001
46,1,45.0,1.77,185,162,58,1.48,1187.0,29.1,3.6,3,2,14.36,False,False,False,127,796.6442953020135,10.8
59,1,89.4,1.62,198,125,59,1.43,885.0,23.5,3.6,3,2,34.06,False,True,False,139,614.5833333333334,10.8
43,1,127.7,1.69,171,155,53,1.14,875.0,24.1,2.9,3,2,44.71,False,False,False,118,760.8695652173914,8.7
52,1,70.9,1.72,194,143,66,1.31,927.0,20.2,2.6,3,2,23.97,False,True,False,128,702.2727272727273,7.800000000000001
42,0,49.2,1.5,173,131,63,1.15,678.0,27.7,1.5,3,2,21.87,True,False,False,110,584.4827586206897,4.5
41,0,62.3,1.79,181,162,73,1.99,1451.0,19.0,2.7,5,3,19.44,False,False,True,108,725.5,13.5
30,1,64.1,1.87,182,142,67,0.64,500.0,26.2,2.1,2,1,18.33,False,False,True,115,769.2307692307692,4.2
24,0,69.7,1.75,166,146,60,1.41,1029.0,32.5,2.0,3,1,22.76,False,False,False,106,724.6478873239437,6.0
53,0,56.9,1.59,199,164,65,1.49,1100.0,29.5,2.0,3,2,22.51,True,False,False,134,733.3333333333334,6.0
37,0,53.0,1.71,184,156,50,1.13,881.0,28.1,1.7,4,2,18.13,False,False,True,134,772.8070175438597,6.8
18,0,72.7,1.55,172,125,56,0.84,525.0,29.8,2.0,3,1,30.26,False,False,False,116,617.6470588235294,6.0
25,1,76.5,1.96,180,120,59,0.67,442.0,23.2,2.3,3,1,19.91,False,True,False,121,650.0,6.8999999999999995
33,1,113.6,1.99,169,125,58,1.38,949.0,28.4,3.4,2,1,28.69,False,True,False,111,682.7338129496403,6.8
31,0,62.5,1.62,168,169,74,1.56,1318.0,16.5,2.7,4,3,23.81,True,False,False,94,839.4904458598726,10.8
29,1,95.2,1.86,174,141,52,0.64,496.0,26.6,2.5,2,1,27.52,False,False,True,122,763.0769230769231,5.0
40,1,51.7,1.82,161,160,71,0.9,792.0,21.4,3.0,3,1,15.61,False,True,False,90,870.3296703296703,9.0
32,1,105.3,1.67,184,143,72,0.57,448.0,26.9,2.9,3,1,37.76,False,False,False,112,772.4137931034484,8.7
45,0,71.2,1.68,172,144,63,1.37,888.0,34.1,1.6,3,1,25.23,False,True,False,109,643.4782608695651,4.800000000000001
51,0,78.1,1.51,193,134,74,0.92,555.0,31.1,2.6,3,1,34.25,False,True,False,119,596.7741935483871,7.800000000000001
19,0,50.6,1.68,193,145,64,1.21,877.0,30.6,2.1,3,2,17.93,False,False,True,129,718.8524590163935,6.300000000000001
49,1,70.2,1.89,194,127,51,0.7,440.0,29.6,2.6,3,1,19.65,False,False,True,143,619.7183098591549,7.800000000000001
40,0,62.6,1.53,197,143,73,1.93,1380.0,18.1,2.7,5,3,26.74,False,False,False,124,711.340206185567,13.5
39,0,60.6,1.65,162,167,63,0.92,768.0,27.6,1.7,3,1,22.26,True,False,False,99,825.8064516129032,5.1
42,1,76.4,1.97,165,157,65,1.14,886.0,22.9,2.6,3,2,19.69,True,False,False,100,770.4347826086957,7.800000000000001
39,0,63.3,1.71,178,125,56,1.88,1175.0,18.5,2.7,4,3,21.65,False,True,False,122,621.6931216931217,10.8
39,0,68.6,1.64,162,154,53,1.33,1024.0,32.4,1.5,3,2,25.51,False,False,False,109,764.1791044776119,4.5
59,1,123.3,1.88,177,161,67,1.3,1036.0,23.0,2.6,4,2,34.89,True,False,False,110,790.8396946564885,10.4
23,1,107.0,1.94,198,120,73,1.35,891.0,23.5,2.9,2,1,28.43,True,False,False,125,655.1470588235294,5.8
32,1,68.3,1.92,168,165,54,1.42,1289.0,29.9,3.5,2,1,18.53,False,True,False,114,901.3986013986014,7.0
54,0,47.8,1.6,171,155,55,1.19,830.0,26.0,2.3,4,2,18.67,False,False,False,116,691.6666666666667,9.2
50,0,58.4,1.79,164,131,56,1.6,943.0,17.0,2.7,4,3,18.23,True,False,False,108,585.7142857142857,10.8
25,0,74.3,1.71,162,157,64,1.43,1123.0,25.6,1.6,3,2,25.41,False,False,True,98,779.8611111111111,4.800000000000001
22,1,106.8,1.82,170,130,50,1.0,715.0,28.2,2.3,4,2,32.24,False,False,True,120,707.9207920792079,9.2
56,1,125.5,1.8,189,131,73,1.26,817.0,20.9,2.7,4,2,38.73,False,True,False,116,643.3070866141733,10.8
21,0,55.2,1.55,163,161,53,1.37,1103.0,31.7,1.7,4,2,22.98,False,True,False,110,799.2753623188405,6.8
23,0,71.4,1.72,164,169,74,1.25,1056.0,25.6,1.5,2,1,24.13,False,True,False,90,838.0952380952381,3.0
49,1,77.7,1.61,160,158,50,1.03,806.0,26.7,3.4,3,2,29.98,False,True,False,110,775.0,10.2
47,1,88.4,1.6,186,126,60,1.86,1160.0,14.2,3.5,5,3,34.53,True,False,False,126,620.3208556149732,17.5
52,1,104.8,1.99,187,130,67,0.93,598.0,24.0,2.0,2,1,26.46,False,False,False,120,636.1702127659574,4.0
57,1,82.2,1.69,188,155,63,1.15,882.0,25.2,3.4,4,2,28.78,False,True,False,125,760.344827586207,13.6
33,0,68.2,1.75,177,150,71,0.85,638.0,29.0,1.7,2,1,22.27,False,True,False,106,741.8604651162791,3.4
30,1,91.4,1.99,171,152,60,1.37,1145.0,23.0,3.7,3,2,23.08,True,False,False,111,829.7101449275361,11.100000000000001
59,0,42.1,1.65,172,132,59,1.22,725.0,33.0,2.2,2,1,15.46,False,True,False,113,589.4308943089432,4.4
47,0,68.7,1.76,161,137,66,1.37,845.0,27.7,2.4,3,2,22.18,False,True,False,95,612.3188405797101,7.199999999999999
36,0,47.2,1.74,196,160,53,1.5,1200.0,32.2,1.6,4,2,15.59,False,False,False,143,794.7019867549669,6.4
34,1,92.0,1.76,175,143,73,0.73,574.0,22.1,3.5,3,1,29.7,False,False,True,102,775.6756756756757,10.5
36,1,56.2,1.95,183,128,64,1.09,767.0,22.5,3.4,4,2,14.78,False,True,False,119,697.2727272727273,13.6
45,1,58.4,1.72,194,150,65,1.31,973.0,23.4,3.1,4,2,19.74,True,False,False,129,737.1212121212121,12.4
43,1,82.9,1.95,181,160,70,1.9,1505.0,12.9,3.5,5,3,21.8,False,False,False,111,787.9581151832462,17.5
54,0,66.9,1.74,195,129,62,1.24,720.0,29.5,2.1,2,1,22.1,True,False,False,133,576.0,4.2
43,1,66.3,1.85,170,121,58,1.18,707.0,27.5,3.2,2,1,19.37,False,False,False,112,594.1176470588235,6.4
40,1,93.6,1.93,188,157,60,1.38,1192.0,22.1,2.0,3,1,25.13,False,False,False,128,857.5539568345324,6.0
26,0,64.1,1.5,194,134,60,1.93,1293.0,15.1,2.7,5,3,28.49,False,True,False,134,666.4948453608248,13.5
29,1,86.7,1.62,174,122,55,1.52,1020.0,13.9,3.5,4,3,33.04,False,True,False,119,666.6666666666666,14.0
18,0,62.0,1.59,190,162,50,1.23,996.0,33.2,2.2,4,2,24.52,False,True,False,140,803.2258064516129,8.8
18,0,58.1,1.61,175,150,71,1.9,1425.0,15.3,2.7,4,3,22.41,False,False,True,104,746.0732984293194,10.8
51,0,64.9,1.6,169,125,55,1.49,838.0,31.1,2.5,4,2,25.35,False,False,True,114,558.6666666666666,10.0
49,0,69.3,1.62,191,122,62,1.14,626.0,28.8,1.9,4,2,26.41,True,False,False,129,544.3478260869566,7.6
42,0,42.7,1.74,161,130,71,1.04,608.0,32.9,1.6,3,1,14.1,False,True,False,90,579.047619047619,4.800000000000001
57,0,51.4,1.63,183,134,73,1.2,724.0,33.7,2.0,4,2,19.35,False,False,True,110,598.3471074380166,8.0
18,0,67.4,1.6,182,164,71,0.6,492.0,33.5,2.4,3,1,26.33,False,True,False,111,806.5573770491803,7.199999999999999
33,0,55.6,1.61,161,147,54,1.77,1301.0,18.9,2.7,4,3,21.45,False,False,True,107,730.8988764044943,10.8
56,1,125.3,1.86,197,129,64,1.0,639.0,22.7,2.2,3,2,36.22,False,False,True,133,632.6732673267327,6.6000000000000005
22,1,102.1,1.85,190,157,67,1.48,1278.0,28.1,2.4,4,2,29.83,False,False,False,123,857.7181208053692,9.6
39,1,61.9,1.77,199,166,69,1.32,1205.0,25.3,2.3,3,1,19.76,False,True,False,130,906.0150375939849,6.8999999999999995
46,1,108.8,1.64,185,169,63,1.4,1171.0,20.5,3.4,3,1,40.45,False,True,False,122,830.4964539007093,10.2
20,0,51.1,1.58,188,169,64,0.5,422.0,29.6,1.6,2,1,20.47,False,False,True,124,827.4509803921568,3.2
29,1,81.7,1.99,162,126,54,1.45,1005.0,29.4,3.2,2,1,20.63,False,True,False,108,688.3561643835617,6.4
43,0,42.7,1.66,173,134,53,0.73,440.0,33.9,1.9,2,1,15.5,False,False,True,120,594.5945945945946,3.8
33,1,81.8,1.99,184,137,51,1.59,1198.0,10.5,3.5,4,3,20.66,False,True,False,133,748.75,14.0
54,1,54.6,1.76,160,137,56,1.28,868.0,27.4,3.3,4,2,17.63,False,False,False,104,672.8682170542636,13.2
39,1,107.7,1.88,162,160,59,0.72,634.0,28.1,3.6,2,1,30.47,False,True,False,103,868.4931506849315,7.2
46,0,56.9,1.6,185,143,65,0.88,566.0,27.7,1.6,3,1,22.23,False,False,False,120,635.9550561797753,4.800000000000001
31,1,78.8,1.71,177,121,59,1.49,992.0,24.7,2.5,4,2,26.95,True,False,False,118,661.3333333333334,10.0
45,0,48.2,1.64,168,159,67,1.25,894.0,32.1,2.5,4,2,17.92,False,True,False,101,709.5238095238095,10.0
22,0,50.7,1.59,197,139,66,1.27,883.0,29.4,1.8,3,2,20.05,False,True,False,131,689.84375,5.4
47,1,86.6,1.99,182,153,70,1.98,1500.0,10.6,3.5,4,3,21.87,False,True,False,112,753.7688442211055,14.0
22,1,96.3,1.63,180,162,62,1.35,1203.0,27.1,2.4,4,2,36.25,False,False,False,118,884.5588235294117,9.6
29,1,80.8,1.98,160,145,50,1.65,1316.0,14.6,3.5,5,3,20.61,False,True,False,110,792.7710843373494,17.5
33,0,58.0,1.53,180,126,50,1.84,1159.0,18.3,2.7,5,3,24.78,False,True,False,130,626.4864864864865,13.5
43,1,95.9,1.85,186,157,64,1.28,995.0,27.7,3.4,2,1,28.02,False,False,True,122,771.3178294573643,6.8
43,0,61.5,1.58,165,149,50,1.86,1247.0,16.8,2.7,5,3,24.64,True,False,False,115,666.8449197860962,13.5
38,0,40.6,1.79,195,161,55,0.62,499.0,26.8,2.7,2,1,12.67,False,False,False,140,792.063492063492,5.4
56,1,82.5,1.87,187,124,74,1.51,927.0,13.2,3.5,5,3,23.59,False,False,True,113,609.8684210526316,17.5
53,1,105.1,1.84,176,130,62,0.69,444.0,23.3,2.9,3,1,31.04,False,False,False,114,634.2857142857143,8.7
50,0,58.1,1.58,199,120,50,1.93,1042.0,19.3,2.7,5,3,23.27,False,False,True,149,537.1134020618557,13.5
47,0,61.0,1.76,162,153,54,1.54,1060.0,15.6,2.7,5,3,19.69,True,False,False,108,683.8709677419355,13.5
54,0,64.5,1.53,171,120,58,1.74,940.0,17.2,2.7,4,3,27.55,False,False,True,113,537.1428571428571,10.8
40,1,58.2,1.98,198,138,74,1.43,1085.0,24.0,2.5,3,2,14.85,False,False,False,124,753.4722222222223,7.5
27,0,69.5,1.76,171,121,66,0.94,569.0,34.4,2.0,3,1,22.44,False,True,False,105,598.9473684210527,6.0
22,1,62.2,1.84,161,140,65,0.51,393.0,21.5,2.3,3,1,18.37,False,True,False,96,755.7692307692307,6.8999999999999995
53,0,68.0,1.7,181,139,57,1.06,663.0,25.1,2.4,4,2,23.53,True,False,False,124,619.626168224299,9.6
51,0,56.3,1.5,182,142,66,1.43,914.0,27.4,2.4,3,1,25.02,False,False,False,116,634.7222222222223,7.199999999999999
48,1,94.5,1.7,189,140,64,1.01,700.0,28.2,3.5,3,2,32.7,False,False,False,125,686.2745098039215,10.5
27,0,58.0,1.79,164,143,73,1.39,994.0,27.1,1.5,2,1,18.1,False,False,False,91,710.0,3.0
36,1,84.0,1.94,168,123,50,1.8,1218.0,11.2,3.5,5,3,22.32,True,False,False,118,672.92817679558,17.5
49,1,61.0,1.87,180,131,61,1.14,739.0,21.3,3.0,4,2,17.44,False,True,False,119,642.608695652174,12.0
18,0,64.8,1.53,170,141,54,1.98,1396.0,18.6,2.7,5,3,27.68,False,False,True,116,701.5075376884422,13.5
22,1,45.7,1.77,164,139,73,1.04,795.0,20.7,2.4,3,1,14.59,True,False,False,91,757.1428571428571,7.199999999999999
21,1,80.9,1.9,194,137,55,1.8,1356.0,11.7,3.5,4,3,22.41,False,False,True,139,749.171270718232,14.0
33,0,64.1,1.63,186,120,74,1.58,948.0,16.4,2.7,5,3,24.13,False,True,False,112,596.2264150943396,13.5
41,1,67.0,1.77,161,149,50,1.22,900.0,25.6,2.6,3,2,21.39,True,False,False,111,731.7073170731708,7.800000000000001
33,1,106.5,1.6,183,152,74,1.4,1170.0,27.3,3.3,4,2,41.6,False,True,False,109,829.7872340425532,13.2
19,1,95.1,1.85,190,143,50,1.21,952.0,25.3,2.3,4,2,27.79,False,False,True,140,780.327868852459,9.2
45,0,65.5,1.57,192,133,59,0.66,395.0,34.3,2.3,2,1,26.57,False,False,False,133,589.5522388059701,4.6
49,1,105.7,1.64,198,155,59,1.2,921.0,29.5,3.1,3,2,39.3,False,False,False,139,761.1570247933885,9.3
44,0,48.0,1.76,189,124,52,0.88,491.0,28.6,2.6,2,1,15.5,False,False,True,137,551.685393258427,5.2
37,0,69.5,1.5,196,130,66,0.69,448.0,32.8,2.4,2,1,30.89,False,False,False,130,640.0,4.8
41,1,66.1,1.69,187,143,68,0.77,545.0,27.4,3.4,2,1,23.14,False,False,True,119,698.7179487179487,6.8
29,1,68.0,1.7,190,150,60,0.76,627.0,28.9,2.9,2,1,23.53,True,False,False,130,814.2857142857142,5.8
52,1,50.3,1.78,170,132,67,0.85,555.0,24.5,2.3,2,1,15.88,True,False,False,103,645.3488372093024,4.6
50,0,69.3,1.68,182,135,51,1.2,729.0,30.3,2.0,2,1,24.55,True,False,False,131,602.4793388429753,4.0
50,1,86.7,1.63,161,143,58,1.7,1203.0,12.1,3.5,4,3,32.63,False,False,False,103,703.5087719298245,14.0
54,1,125.9,1.94,199,132,73,1.35,882.0,28.5,2.9,3,2,33.45,False,True,False,126,648.5294117647059,8.7
29,1,88.1,1.93,186,143,66,1.88,1479.0,11.1,3.5,5,3,23.65,False,False,False,120,782.5396825396825,17.5
20,1,124.3,1.82,194,145,63,1.25,997.0,22.4,3.2,3,2,37.53,False,False,False,131,791.2698412698412,9.600000000000001
18,1,62.0,1.85,161,121,53,0.88,586.0,23.7,3.0,3,1,18.12,False,True,False,108,658.4269662921348,9.0
50,0,69.7,1.72,198,135,66,1.24,753.0,27.3,2.0,4,2,23.56,False,True,False,132,602.4,8.0
57,0,60.9,1.52,196,157,66,1.31,926.0,30.6,1.8,3,2,26.36,False,True,False,130,701.5151515151515,5.4
27,1,76.5,1.97,180,165,61,1.13,1025.0,21.3,2.3,2,1,19.71,False,True,False,119,899.1228070175439,4.6
46,1,94.7,1.82,164,120,69,1.47,873.0,23.2,3.2,3,2,28.59,False,False,False,95,589.8648648648649,9.600000000000001
30,1,67.9,1.75,180,168,67,1.25,1155.0,29.1,3.1,2,1,22.17,False,False,True,113,916.6666666666666,6.2
29,1,121.1,1.87,188,130,52,1.31,937.0,24.1,3.2,4,2,34.63,True,False,False,136,709.8484848484848,12.8
48,0,71.5,1.64,179,154,60,1.46,1012.0,32.5,1.9,4,2,26.58,False,False,True,119,688.4353741496599,7.6
19,1,98.6,1.7,197,162,74,0.83,740.0,21.1,2.4,2,1,34.12,False,False,False,123,880.952380952381,4.8
52,0,68.2,1.63,179,148,67,1.17,779.0,27.5,2.4,3,1,25.67,False,True,False,112,660.1694915254237,7.199999999999999
40,0,57.7,1.69,184,156,53,1.18,920.0,33.1,2.4,4,2,20.2,True,False,False,131,773.109243697479,9.6
34,1,124.6,1.63,161,136,66,1.41,1055.0,27.6,2.8,3,2,46.9,True,False,False,95,742.9577464788733,8.399999999999999
43,0,73.0,1.59,191,158,67,1.31,931.0,28.9,2.2,3,1,28.88,False,False,True,124,705.3030303030303,6.6000000000000005
25,0,59.4,1.51,185,161,54,1.62,1304.0,19.8,2.7,5,3,26.05,False,False,False,131,800.0,13.5
46,0,52.0,1.65,165,147,63,0.7,463.0,34.1,1.9,2,1,19.1,False,False,False,102,652.112676056338,3.8
43,0,42.2,1.65,162,148,59,1.33,886.0,34.6,2.3,3,2,15.5,False,False,False,103,661.1940298507462,6.8999999999999995
27,1,89.3,1.64,192,162,64,1.82,1622.0,12.1,3.5,4,3,33.2,True,False,False,128,886.3387978142076,14.0
43,1,110.0,1.76,160,122,50,1.09,658.0,22.0,3.4,3,1,35.51,False,False,True,110,598.1818181818181,10.2
51,0,66.2,1.58,164,129,65,0.86,499.0,31.3,2.3,3,1,26.52,True,False,False,99,573.5632183908046,6.8999999999999995
58,1,58.6,1.66,172,161,60,1.21,964.0,26.8,2.9,2,1,21.27,True,False,False,112,790.1639344262295,5.8
24,1,51.0,1.67,178,133,72,0.97,710.0,21.3,2.8,3,1,18.29,False,True,False,106,724.4897959183673,8.399999999999999
21,1,101.5,1.95,171,131,69,0.97,699.0,27.9,3.1,3,1,26.69,False,False,True,102,713.265306122449,9.3
28,1,114.2,1.87,184,166,55,1.05,959.0,20.2,3.2,3,2,32.66,False,True,False,129,904.7169811320754,9.600000000000001
46,1,54.4,1.72,194,161,73,0.91,725.0,24.8,2.9,2,1,18.39,False,False,False,121,788.0434782608695,5.8
53,0,52.4,1.57,171,149,71,1.34,898.0,28.3,2.2,3,2,21.26,True,False,False,100,665.1851851851851,6.6000000000000005
42,1,85.2,1.81,189,151,65,1.54,1151.0,13.7,3.5,5,3,26.01,False,False,True,124,742.5806451612902,17.5
38,1,83.6,1.74,164,151,51,1.66,1379.0,11.6,3.5,5,3,27.61,False,False,False,113,825.748502994012,17.5
53,1,115.4,1.92,193,161,50,1.36,1084.0,28.3,2.2,4,2,31.3,False,False,True,143,791.2408759124087,8.8
27,1,71.2,1.97,181,151,73,0.74,615.0,25.9,3.6,3,1,18.35,True,False,False,108,820.0,10.8
54,0,78.1,1.6,198,145,73,1.1,718.0,32.9,2.4,4,2,30.51,False,False,True,125,646.8468468468468,9.6
26,0,54.2,1.65,172,120,58,1.07,642.0,34.9,1.9,4,2,19.91,False,False,False,114,594.4444444444445,7.6
41,0,77.6,1.76,162,161,71,1.27,920.0,31.8,2.2,4,2,25.05,False,True,False,91,718.75,8.8
52,0,44.1,1.62,179,121,61,1.41,768.0,34.8,1.6,3,1,16.8,True,False,False,118,540.8450704225353,4.800000000000001
52,1,85.5,1.8,190,136,66,1.7,1144.0,10.1,3.5,5,3,26.39,False,True,False,124,669.0058479532164,17.5
53,0,47.8,1.76,164,149,74,1.06,711.0,28.4,1.5,4,2,15.43,True,False,False,90,664.4859813084112,6.0
35,1,102.5,1.94,183,158,64,0.84,730.0,21.1,2.4,2,1,27.23,False,False,False,119,858.8235294117648,4.8
56,1,118.0,1.9,199,126,68,0.66,412.0,22.6,3.2,2,1,32.69,True,False,False,131,614.9253731343283,6.4
49,1,82.3,1.84,192,146,71,1.29,932.0,28.4,3.4,4,2,24.31,False,True,False,121,716.9230769230769,13.6
41,1,81.6,1.87,167,128,59,1.87,1185.0,10.2,3.5,5,3,23.33,True,False,False,108,630.3191489361702,17.5
40,1,60.2,1.88,183,141,61,1.22,946.0,25.2,3.0,3,2,17.03,False,False,False,122,769.1056910569106,9.0
49,0,49.2,1.54,179,153,63,1.28,881.0,30.7,2.1,3,2,20.75,True,False,False,116,682.9457364341085,6.300000000000001
54,0,46.6,1.5,175,165,58,1.38,1025.0,30.6,2.0,2,1,20.71,False,True,False,117,737.410071942446,4.0
29,0,68.7,1.72,171,168,62,1.08,907.0,29.8,1.7,4,2,23.22,False,False,False,109,832.1100917431193,6.8
30,0,60.6,1.55,172,120,52,1.3,780.0,32.9,1.6,3,2,25.22,False,True,False,120,595.4198473282443,4.800000000000001
40,1,52.1,1.61,198,128,70,0.87,612.0,21.3,3.3,2,1,20.1,True,False,False,128,695.4545454545455,6.6
42,0,46.6,1.77,184,139,63,0.61,382.0,28.1,2.6,2,1,14.87,False,False,True,121,616.1290322580645,5.2
52,1,65.5,1.74,191,138,70,1.48,1011.0,26.2,2.8,4,2,21.63,False,True,False,121,678.5234899328859,11.2
58,0,44.2,1.57,183,155,59,1.08,753.0,31.9,2.3,3,1,17.93,True,False,False,124,690.8256880733944,6.8999999999999995
47,1,89.1,1.84,168,159,65,1.44,1133.0,24.0,3.6,3,2,26.32,False,False,True,103,781.3793103448276,10.8
34,1,65.9,1.62,199,164,56,0.81,731.0,28.8,2.2,2,1,25.11,False,False,True,143,891.4634146341463,4.4
37,0,55.6,1.57,182,123,53,0.97,597.0,29.2,2.4,2,1,22.56,False,False,False,129,609.1836734693877,4.8
42,1,63.7,1.98,172,128,69,1.37,868.0,24.0,3.0,2,1,16.25,False,False,True,103,628.9855072463768,6.0
39,1,86.2,1.82,191,160,72,1.96,1725.0,10.2,3.5,5,3,26.02,False,True,False,119,875.6345177664974,17.5
30,0,59.2,1.63,174,141,74,1.85,1304.0,17.8,2.7,4,3,22.28,False,True,False,100,701.0752688172042,10.8
36,1,85.4,1.88,195,137,60,1.98,1492.0,13.5,3.5,5,3,24.16,False,False,True,135,749.748743718593,17.5
53,0,68.1,1.55,164,131,65,1.41,831.0,26.1,2.2,4,2,28.35,True,False,False,99,585.2112676056338,8.8
29,0,60.0,1.62,181,161,69,0.85,684.0,28.1,1.9,2,1,22.86,False,True,False,112,795.3488372093024,3.8
58,0,74.8,1.69,175,162,53,1.28,933.0,32.8,2.3,4,2,26.19,False,True,False,122,723.2558139534883,9.2
36,1,90.3,1.65,169,158,71,1.38,1199.0,23.7,3.4,4,2,33.17,False,False,False,98,862.5899280575541,13.6
29,1,86.1,1.65,183,128,71,1.66,1169.0,11.2,3.5,4,3,31.63,True,False,False,112,700.0,14.0
26,1,73.7,1.66,177,125,72,0.93,639.0,26.7,2.2,2,1,26.75,False,False,True,105,679.7872340425531,4.4
24,0,67.7,1.56,177,138,66,1.42,980.0,27.0,2.1,3,2,27.82,True,False,False,111,685.3146853146853,6.300000000000001
45,1,78.3,1.96,166,167,62,1.29,1066.0,29.0,2.2,3,1,20.38,False,False,False,104,820.0,6.6000000000000005
31,0,48.2,1.65,163,166,60,1.1,913.0,26.1,2.5,2,1,17.7,False,False,False,103,822.5225225225224,5.0
48,0,56.8,1.51,185,126,52,1.37,777.0,32.1,2.1,4,2,24.91,True,False,False,133,563.0434782608695,8.4
36,1,112.4,1.63,164,135,58,1.02,757.0,25.0,3.4,4,2,42.3,False,False,False,106,734.9514563106796,13.6
33,0,59.0,1.67,175,124,55,0.9,558.0,33.7,1.9,3,1,21.16,False,False,False,120,613.1868131868132,5.699999999999999
22,1,98.4,1.88,194,135,71,0.52,386.0,21.3,2.2,2,1,27.84,False,False,False,123,728.3018867924528,4.4
52,1,66.5,1.6,185,120,70,1.34,796.0,26.8,2.1,4,2,25.98,True,False,False,115,589.6296296296296,8.4
29,1,106.5,1.81,177,156,60,1.29,1107.0,25.7,2.5,4,2,32.51,False,False,False,117,851.5384615384615,10.0
42,1,88.4,1.93,188,158,65,1.68,1314.0,12.4,3.5,4,3,23.73,False,False,True,123,777.5147928994083,14.0
38,1,88.4,1.79,182,138,68,1.74,1321.0,12.5,3.5,5,3,27.59,False,False,True,114,754.8571428571429,17.5
53,0,53.3,1.74,173,156,54,1.37,962.0,32.2,1.8,3,2,17.6,False,True,False,119,697.1014492753623,5.4
40,0,58.1,1.56,174,136,63,0.61,415.0,34.4,2.2,2,1,23.87,False,False,True,111,669.3548387096774,4.4
33,0,74.2,1.76,192,145,66,1.15,834.0,25.9,1.5,4,2,23.95,False,True,False,126,718.9655172413794,6.0
56,1,84.6,1.63,184,141,52,1.01,705.0,20.2,2.9,4,2,31.84,True,False,False,132,691.1764705882352,11.6
59,1,78.0,1.92,180,127,53,0.72,453.0,28.1,2.7,3,1,21.16,False,False,False,127,620.5479452054794,8.100000000000001
56,1,89.0,1.68,176,152,65,1.77,1332.0,10.5,3.5,5,3,31.53,False,False,True,111,748.314606741573,17.5
31,0,42.7,1.76,182,121,65,1.46,883.0,34.9,2.2,3,1,13.78,False,True,False,117,600.6802721088435,6.6000000000000005
48,1,83.9,1.82,176,149,70,1.9,1401.0,13.1,3.5,5,3,25.33,True,False,False,106,733.5078534031414,17.5
22,0,78.7,1.52,173,166,74,1.45,1204.0,31.5,2.3,3,2,34.06,False,True,False,99,824.6575342465753,6.8999999999999995
52,0,65.9,1.52,188,139,53,1.27,794.0,27.0,2.3,4,2,28.52,False,False,False,135,620.3125,9.2
40,1,76.9,1.92,179,137,68,1.13,851.0,22.4,3.7,4,2,20.86,False,False,True,111,746.4912280701755,14.8
46,1,84.3,2.0,189,162,66,1.83,1467.0,13.3,3.5,5,3,21.07,True,False,False,123,797.2826086956521,17.5
28,0,62.4,1.6,178,129,62,1.1,710.0,34.1,1.7,3,2,24.37,False,True,False,116,639.6396396396395,5.1
35,1,63.7,1.74,198,143,71,1.03,810.0,29.8,2.7,4,2,21.04,True,False,False,127,778.8461538461538,10.8
29,0,54.9,1.52,172,123,72,1.48,910.0,27.0,2.0,3,1,23.76,False,True,False,100,610.738255033557,6.0
26,1,76.4,1.79,177,156,73,1.17,1004.0,21.3,2.7,3,2,23.84,False,True,False,104,850.8474576271187,8.100000000000001
27,1,106.4,1.86,182,123,50,1.34,907.0,20.6,3.1,2,1,30.76,False,False,False,132,671.8518518518518,6.2
34,0,68.4,1.5,192,132,61,1.37,904.0,33.7,2.1,4,2,30.4,False,False,False,131,655.0724637681159,8.4
55,1,63.5,1.86,198,144,53,1.36,969.0,22.9,2.9,4,2,18.35,False,True,False,145,707.2992700729926,11.6
24,0,59.4,1.5,199,132,60,1.25,825.0,25.0,2.0,3,2,26.4,False,False,True,139,654.7619047619047,6.0
30,1,113.4,1.91,177,137,54,1.27,957.0,22.2,3.7,3,1,31.08,True,False,False,123,747.65625,11.100000000000001
57,0,61.9,1.52,168,143,51,0.92,592.0,28.4,2.6,3,1,26.79,True,False,False,117,636.5591397849462,7.800000000000001
59,0,70.7,1.68,192,121,66,1.17,637.0,34.9,1.9,3,2,25.05,False,False,False,126,539.8305084745763,5.699999999999999
26,1,111.5,1.9,191,167,57,1.02,937.0,25.2,2.2,2,1,30.89,False,False,True,134,909.7087378640776,4.4
44,0,72.1,1.66,176,152,55,1.4,958.0,27.0,2.5,2,1,26.16,False,True,False,121,679.4326241134752,5.0
19,1,56.9,1.87,178,138,70,0.61,463.0,23.3,3.7,3,1,16.27,False,False,False,108,746.7741935483871,11.100000000000001
22,1,86.2,1.9,186,128,58,1.91,1345.0,11.7,3.5,5,3,23.88,False,True,False,128,700.5208333333334,17.5
46,1,59.4,1.68,165,147,62,1.16,844.0,20.2,2.5,4,2,21.05,False,True,False,103,721.3675213675214,10.0
54,0,75.6,1.72,194,154,60,0.97,672.0,26.4,1.9,3,1,25.55,False,False,False,134,685.7142857142858,5.699999999999999
55,0,76.3,1.73,196,158,65,1.08,768.0,32.0,2.6,3,1,25.49,False,False,True,131,704.5871559633027,7.800000000000001
36,1,95.8,1.86,193,129,65,1.37,972.0,21.2,3.2,3,1,27.69,True,False,False,128,704.3478260869565,9.600000000000001
25,1,120.6,1.83,179,120,51,1.04,686.0,22.3,2.5,3,2,36.01,False,False,False,128,653.3333333333333,7.5
18,0,65.3,1.55,184,161,59,1.42,1143.0,28.5,2.2,3,2,27.18,False,False,True,125,799.3006993006993,6.6000000000000005
39,1,85.3,1.89,163,140,61,0.77,593.0,27.6,3.6,2,1,23.88,False,True,False,102,760.2564102564103,7.2
34,1,68.0,1.68,169,128,57,0.67,472.0,25.8,3.4,2,1,24.09,False,False,False,112,694.1176470588235,6.8
24,0,52.6,1.57,169,166,60,1.29,1071.0,31.9,2.4,2,1,21.34,True,False,False,109,823.8461538461538,4.8
42,1,63.3,1.77,183,134,59,1.32,876.0,25.7,3.3,3,2,20.2,True,False,False,124,658.6466165413533,9.899999999999999
21,0,76.3,1.65,180,154,62,1.14,878.0,31.8,1.7,3,2,28.03,False,True,False,118,763.4782608695652,5.1
53,1,61.0,1.63,170,124,74,0.54,331.0,20.0,3.4,3,1,22.96,False,False,False,96,601.8181818181818,10.2
23,0,67.8,1.61,186,160,66,1.34,1072.0,34.3,1.8,2,1,26.16,True,False,False,120,794.074074074074,3.6
48,1,114.9,1.86,175,141,56,1.36,949.0,21.1,3.6,3,1,33.21,False,False,False,119,692.7007299270073,10.8
36,1,88.0,1.71,185,160,73,1.87,1646.0,12.0,3.5,5,3,30.09,True,False,False,112,875.531914893617,17.5
56,0,67.7,1.58,189,142,52,1.45,927.0,32.7,1.9,2,1,27.12,False,True,False,137,634.931506849315,3.8
44,1,124.8,1.85,175,126,69,1.35,842.0,24.4,3.5,4,2,36.46,False,True,False,106,619.1176470588235,14.0
27,0,53.0,1.58,166,142,62,1.26,895.0,34.5,1.8,4,2,21.23,False,False,False,104,704.7244094488188,7.2
43,1,61.2,1.88,175,163,68,1.03,831.0,24.7,2.9,3,1,17.32,False,False,True,107,799.0384615384615,8.7
36,0,48.7,1.68,194,144,56,1.23,886.0,33.7,1.6,3,1,17.25,False,False,True,138,714.516129032258,4.800000000000001
56,0,50.6,1.7,175,146,58,1.29,848.0,33.1,2.3,2,1,17.51,False,True,False,117,652.3076923076923,4.6
20,0,72.6,1.73,199,160,68,1.27,1016.0,34.8,2.5,3,2,24.26,True,False,False,131,793.75,7.5
30,0,70.4,1.56,171,125,62,1.03,644.0,34.3,2.4,4,2,28.93,False,False,True,109,619.2307692307692,9.6
45,1,52.5,1.88,194,153,71,1.08,818.0,29.0,2.9,4,2,14.85,False,True,False,123,750.4587155963302,11.6
37,1,76.3,1.77,180,128,57,1.36,957.0,27.3,2.1,4,2,24.35,True,False,False,123,698.5401459854014,8.4
45,0,41.2,1.58,195,168,71,1.47,1111.0,28.7,2.6,2,1,16.5,True,False,False,124,750.6756756756757,5.2
25,0,55.3,1.76,176,152,67,1.56,1186.0,15.5,2.7,4,3,17.85,False,False,True,109,755.4140127388534,10.8
58,0,49.7,1.67,191,125,72,1.38,776.0,31.9,2.3,4,2,17.82,False,True,False,119,558.2733812949641,9.2
56,1,48.3,1.87,165,156,51,0.68,525.0,29.8,3.3,3,1,13.81,True,False,False,114,760.8695652173913,9.899999999999999
18,1,83.2,1.96,183,150,67,1.83,1510.0,13.6,3.5,4,3,21.66,True,False,False,116,820.6521739130435,14.0
20,1,120.5,1.73,186,153,67,1.01,850.0,29.3,3.4,3,2,40.26,False,False,False,119,833.3333333333334,10.2
30,1,121.6,2.0,179,160,60,1.24,1091.0,28.0,3.3,4,2,30.4,False,False,False,119,872.8,13.2
45,0,73.0,1.75,184,148,50,1.14,759.0,26.6,2.0,4,2,23.84,False,False,True,134,660.0,8.0
42,0,57.5,1.67,161,133,63,1.76,1053.0,16.2,2.7,5,3,20.62,False,False,False,98,594.9152542372881,13.5
50,0,42.7,1.53,168,155,65,1.41,983.0,28.4,2.4,4,2,18.24,False,True,False,103,692.2535211267606,9.6
55,1,129.9,1.73,187,155,60,0.69,529.0,21.7,3.1,3,1,43.4,False,False,True,127,755.7142857142858,9.3
23,1,108.6,1.92,197,134,50,0.89,656.0,25.8,3.5,2,1,29.46,False,False,True,147,728.8888888888889,7.0
49,1,88.6,2.0,162,127,56,1.83,1150.0,14.9,3.5,4,3,22.15,False,False,False,106,625.0,14.0
38,0,49.7,1.51,179,145,65,1.25,906.0,32.6,2.5,3,1,21.8,True,False,False,114,719.047619047619,7.5
33,0,56.4,1.54,165,155,63,1.06,822.0,29.2,1.5,3,1,23.78,False,True,False,102,768.2242990654205,4.5
38,1,46.9,1.74,198,167,64,1.03,946.0,20.0,2.6,4,2,15.49,False,True,False,134,909.6153846153845,10.4
28,0,71.3,1.67,192,140,63,1.46,1022.0,28.1,1.5,4,2,25.57,False,True,False,129,695.2380952380953,6.0
54,1,71.6,1.86,160,147,70,1.14,830.0,25.3,2.2,3,2,20.7,False,False,True,90,721.7391304347826,6.6000000000000005
53,1,82.3,1.61,196,123,60,1.87,1139.0,11.6,3.5,5,3,31.75,False,True,False,136,605.8510638297872,17.5
52,0,70.6,1.69,165,135,65,1.36,826.0,26.1,2.2,3,1,24.72,True,False,False,100,602.9197080291971,6.6000000000000005
36,1,109.8,1.62,193,141,68,0.84,651.0,24.4,3.5,3,1,41.84,True,False,False,125,765.8823529411765,10.5
37,0,73.5,1.69,174,131,66,0.54,354.0,27.5,1.6,2,1,25.73,False,False,False,108,643.6363636363636,3.2
35,1,85.6,1.85,185,135,55,1.78,1322.0,14.5,3.5,5,3,25.01,False,True,False,130,738.5474860335196,17.5
58,0,74.6,1.68,173,159,60,1.03,737.0,26.0,2.0,4,2,26.43,False,False,True,113,708.6538461538461,8.0
31,0,63.2,1.8,166,157,66,0.59,463.0,25.5,2.6,2,1,19.51,False,False,False,100,771.6666666666667,5.2
32,0,62.6,1.63,190,161,58,1.67,1344.0,15.0,2.7,5,3,23.56,True,False,False,132,800.0,13.5
48,1,87.1,1.76,183,156,67,1.81,1398.0,11.6,3.5,5,3,28.12,False,True,False,116,768.1318681318681,17.5
18,1,82.3,1.84,190,148,66,1.73,1408.0,13.3,3.5,5,3,24.31,True,False,False,124,809.1954022988506,17.5
20,0,64.3,1.78,188,137,61,1.71,1171.0,18.7,2.7,4,3,20.29,False,False,False,127,680.8139534883721,10.8
33,0,53.7,1.66,191,129,72,1.25,806.0,29.5,2.5,3,1,19.49,True,False,False,119,639.6825396825396,7.5
40,1,63.0,2.0,176,161,71,1.42,1257.0,26.8,2.9,4,2,15.75,False,True,False,105,879.0209790209791,11.6
28,1,128.4,1.86,173,158,71,1.06,921.0,23.6,3.3,4,2,37.11,False,True,False,102,860.7476635514018,13.2
29,1,88.0,1.89,199,137,54,1.75,1319.0,13.3,3.5,5,3,24.64,False,False,False,145,749.4318181818181,17.5
27,0,63.7,1.52,195,120,60,1.19,714.0,25.4,2.1,4,2,27.57,False,True,False,135,595.0,8.4
49,1,83.7,1.87,183,158,53,1.29,1009.0,23.9,2.3,4,2,23.94,True,False,False,130,776.1538461538461,9.2
33,1,102.6,1.75,186,140,53,1.4,1078.0,27.9,2.2,3,2,33.5,True,False,False,133,764.5390070921986,6.6000000000000005
25,0,77.7,1.55,184,120,52,0.55,330.0,33.0,1.7,2,1,32.34,False,False,True,132,589.2857142857142,3.4
55,1,87.5,1.88,191,134,73,1.19,789.0,27.2,2.6,4,2,24.76,False,False,True,118,657.5,10.4
29,1,87.0,1.86,177,123,72,1.52,1028.0,11.0,3.5,4,3,25.15,False,False,True,105,671.8954248366013,14.0
41,1,82.8,1.66,177,139,74,1.97,1355.0,11.2,3.5,5,3,30.05,True,False,False,103,684.3434343434343,17.5
45,0,65.4,1.68,196,129,66,0.76,441.0,35.0,2.6,3,1,23.17,True,False,False,130,572.7272727272727,7.800000000000001
25,0,47.2,1.71,185,142,56,0.89,632.0,26.0,2.5,2,1,16.14,False,False,False,129,702.2222222222222,5.0
45,0,58.2,1.7,168,160,53,0.95,684.0,26.8,2.0,3,1,20.14,False,False,True,115,712.5,6.0
53,0,73.5,1.55,194,153,72,1.17,806.0,26.3,2.1,4,2,30.59,True,False,False,122,683.0508474576271,8.4
43,0,55.2,1.73,167,165,62,1.67,1240.0,16.6,2.7,5,3,18.44,False,False,False,105,738.0952380952381,13.5
25,0,64.4,1.71,179,167,61,1.12,935.0,27.1,1.8,3,1,22.02,True,False,False,118,827.4336283185839,5.4
45,0,73.5,1.74,181,152,50,1.18,807.0,30.0,2.3,4,2,24.28,False,False,False,131,678.1512605042017,9.2
45,1,89.6,1.81,178,153,70,1.7,1287.0,12.4,3.5,5,3,27.35,False,False,True,108,752.6315789473684,17.5
54,1,86.5,1.76,189,158,68,1.48,1158.0,29.0,3.4,3,2,27.92,False,False,True,121,777.1812080536913,10.2
58,0,46.1,1.67,187,129,70,1.28,743.0,25.3,1.8,4,2,16.53,False,False,True,117,575.968992248062,7.2
53,1,68.5,1.97,194,139,69,1.3,894.0,23.2,2.1,3,2,17.65,True,False,False,125,682.442748091603,6.300000000000001
44,1,94.6,1.84,170,120,67,1.26,748.0,26.0,3.1,4,2,27.94,True,False,False,103,588.9763779527559,12.4
34,0,54.2,1.52,190,132,60,1.13,746.0,31.0,2.2,3,1,23.46,False,False,False,130,654.3859649122808,6.6000000000000005
26,1,47.7,1.77,198,120,69,1.15,759.0,24.8,2.7,3,2,15.23,False,True,False,129,654.3103448275863,8.100000000000001
50,1,52.2,1.84,195,124,52,1.38,847.0,28.2,3.1,4,2,15.42,False,True,False,143,609.3525179856116,12.4
37,1,88.8,1.95,189,135,66,1.58,1173.0,10.3,3.5,5,3,23.35,False,False,True,123,737.7358490566037,17.5
30,1,101.0,1.68,182,134,61,1.46,1076.0,28.2,2.9,4,2,35.79,False,True,False,121,731.9727891156463,11.6
45,1,118.4,1.95,178,168,59,1.06,881.0,24.9,2.4,3,2,31.14,False,False,True,119,823.3644859813083,7.199999999999999
46,0,47.9,1.72,171,147,57,1.41,933.0,26.3,2.0,3,1,16.19,False,False,False,114,657.0422535211268,6.0
30,0,51.5,1.74,174,150,64,1.08,810.0,33.9,2.0,3,2,17.01,False,True,False,110,743.1192660550458,6.0
52,0,79.9,1.51,190,142,54,0.75,479.0,31.5,2.6,3,1,35.04,False,True,False,136,630.2631578947369,7.800000000000001
23,1,121.3,1.85,196,167,53,0.72,661.0,21.6,3.6,2,1,35.44,False,False,True,143,905.4794520547946,7.2
35,0,78.9,1.64,196,164,70,1.28,1050.0,25.3,2.6,4,2,29.34,False,False,False,126,813.953488372093,10.4
22,1,88.5,1.62,174,162,69,1.88,1675.0,10.7,3.5,5,3,33.72,False,True,False,105,886.2433862433863,17.5
42,1,73.5,1.63,188,136,68,0.52,350.0,26.1,3.2,3,1,27.66,False,True,False,120,660.377358490566,9.600000000000001
19,1,127.9,1.93,185,168,70,1.27,1173.0,21.8,3.0,4,2,34.34,False,True,False,115,916.40625,12.0
27,1,88.5,1.98,161,153,53,1.8,1515.0,11.1,3.5,4,3,22.57,False,False,False,108,837.0165745856353,14.0
47,0,43.4,1.62,179,132,64,0.51,303.0,25.3,2.3,3,1,16.54,False,False,False,115,582.6923076923076,6.8999999999999995
22,0,42.8,1.56,174,133,66,1.47,978.0,32.2,2.6,3,2,17.59,False,True,False,108,660.8108108108108,7.800000000000001
50,1,64.5,1.79,163,130,61,1.17,753.0,28.1,2.4,4,2,20.13,False,False,True,102,638.135593220339,9.6
18,0,50.7,1.53,181,147,52,1.29,948.0,33.0,2.1,3,2,21.66,False,False,True,129,729.2307692307692,6.300000000000001
35,1,59.2,1.66,197,161,59,1.3,1151.0,21.3,3.2,3,1,21.48,False,True,False,138,878.6259541984732,9.600000000000001
49,0,78.9,1.73,182,151,64,1.38,938.0,34.0,2.3,2,1,26.36,False,False,False,118,674.8201438848921,4.6
28,0,78.7,1.63,185,154,59,1.1,847.0,31.7,1.8,3,2,29.62,False,True,False,126,763.0630630630629,5.4
38,1,68.7,1.92,170,150,73,1.31,1081.0,29.0,3.0,4,2,18.64,False,False,False,97,818.9393939393939,12.0
43,0,53.1,1.59,187,136,72,0.82,502.0,29.5,2.5,2,1,21.0,False,True,False,115,604.8192771084338,5.0
42,1,64.8,1.65,161,166,67,1.1,904.0,24.4,2.8,3,2,23.8,False,False,False,94,814.4144144144143,8.399999999999999
39,0,50.3,1.61,167,128,50,1.17,749.0,32.8,2.5,2,1,19.41,True,False,False,117,634.7457627118645,5.0
44,1,102.3,1.63,188,129,52,1.34,856.0,20.9,2.6,4,2,38.5,False,False,True,136,634.074074074074,10.4
30,1,62.9,1.92,170,127,70,1.13,789.0,25.2,3.6,2,1,17.06,True,False,False,100,692.1052631578948,7.2
50,0,56.5,1.6,196,140,61,1.88,1184.0,19.2,2.7,5,3,22.07,False,False,True,135,626.4550264550265,13.5
51,0,74.6,1.55,177,132,50,0.71,422.0,33.3,2.1,2,1,31.05,False,False,False,127,586.1111111111111,4.2
58,1,52.0,1.79,173,169,52,1.12,937.0,29.6,3.0,3,1,16.23,True,False,False,121,829.2035398230088,9.0
52,0,52.1,1.67,169,124,52,1.5,837.0,32.0,1.5,2,1,18.68,False,False,True,117,554.3046357615895,3.0
18,0,72.2,1.54,194,125,54,0.97,606.0,27.1,1.7,2,1,30.44,False,True,False,140,618.3673469387755,3.4
38,1,85.8,1.8,168,149,68,1.72,1410.0,10.1,3.5,4,3,26.48,False,False,False,100,815.028901734104,14.0
23,1,81.4,1.85,194,150,74,1.6,1320.0,12.4,3.5,4,3,23.78,False,False,False,120,819.8757763975154,14.0
45,0,50.9,1.65,170,136,50,1.45,887.0,30.1,2.3,2,1,18.7,False,True,False,120,607.5342465753425,4.6
34,1,52.0,1.78,171,130,53,1.38,987.0,22.4,2.7,4,2,16.41,False,True,False,118,710.0719424460432,10.8
22,1,71.0,1.93,162,139,53,1.42,1086.0,21.2,2.9,4,2,19.06,False,False,True,109,759.4405594405595,11.6
48,1,80.6,1.77,198,167,66,1.51,1248.0,12.9,3.5,4,3,25.73,False,False,False,132,821.0526315789474,14.0
22,0,58.3,1.72,173,128,63,1.0,640.0,32.6,1.6,3,2,19.71,False,False,True,110,633.6633663366337,4.800000000000001
55,0,63.0,1.7,187,121,67,1.32,719.0,34.9,2.5,3,1,21.8,False,True,False,120,540.6015037593985,7.5
20,1,111.0,1.94,170,156,50,1.02,875.0,27.6,3.3,4,2,29.49,False,False,False,120,849.5145631067961,13.2
40,0,52.6,1.66,198,120,71,1.27,762.0,32.9,1.7,3,2,19.09,False,True,False,127,595.3125,5.1
54,1,116.4,2.0,184,123,65,1.13,688.0,26.2,3.1,3,1,29.1,False,False,True,119,603.5087719298247,9.3
54,0,75.6,1.61,180,155,52,1.41,983.0,34.9,2.5,4,2,29.17,False,False,True,128,692.2535211267606,10.0
27,1,61.6,1.8,169,144,72,1.48,1172.0,26.4,3.1,2,1,19.01,False,False,True,97,786.5771812080537,6.2
27,1,108.0,1.8,174,122,70,1.38,926.0,28.6,2.5,4,2,33.33,False,False,False,104,666.1870503597123,10.0
36,0,59.3,1.75,178,128,58,0.99,634.0,34.5,2.3,3,1,19.36,False,True,False,120,634.0,6.8999999999999995
34,1,75.7,1.94,181,141,72,1.18,915.0,29.3,2.4,4,2,20.11,False,True,False,109,768.9075630252102,9.6
38,0,56.3,1.6,180,142,53,1.21,859.0,28.8,1.9,4,2,21.99,False,False,True,127,704.0983606557377,7.6
31,0,58.2,1.73,191,131,70,1.17,766.0,25.8,1.8,3,2,19.45,False,False,True,121,649.1525423728814,5.4
26,1,55.7,1.68,182,129,54,1.13,802.0,21.7,2.9,3,1,19.73,False,False,True,128,703.5087719298247,8.7
18,1,125.9,1.67,172,153,60,1.46,1229.0,20.6,2.2,3,2,45.14,False,False,True,112,836.0544217687075,6.6000000000000005
30,0,62.7,1.67,164,162,70,1.02,826.0,26.1,2.6,4,2,22.48,True,False,False,94,801.9417475728155,10.4
21,1,86.6,1.86,163,129,58,1.37,972.0,21.8,2.6,3,2,25.03,True,False,False,105,704.3478260869565,7.800000000000001
18,1,64.5,1.82,187,149,52,1.2,983.0,23.4,2.4,3,2,19.47,True,False,False,135,812.3966942148761,7.199999999999999
57,1,76.6,1.86,173,141,55,1.14,796.0,25.4,2.8,4,2,22.14,False,False,True,118,692.1739130434784,11.2
49,1,81.4,1.83,167,125,73,1.98,1225.0,13.6,3.5,5,3,24.31,False,False,True,94,615.5778894472362,17.5
51,1,60.7,1.71,168,169,60,1.14,954.0,22.1,2.5,2,1,20.76,False,True,False,108,829.5652173913044,5.0
45,0,57.2,1.55,194,121,58,1.67,909.0,18.4,2.7,5,3,23.81,False,False,False,136,541.0714285714286,13.5
48,0,73.0,1.59,196,149,64,1.19,798.0,32.0,2.1,3,2,28.88,False,True,False,132,665.0,6.300000000000001
25,1,123.8,1.99,180,121,72,1.13,752.0,25.6,2.6,3,1,31.26,True,False,False,108,659.6491228070176,7.800000000000001
56,1,93.6,1.66,177,151,52,1.37,1024.0,29.0,2.2,2,1,33.97,False,True,False,125,742.0289855072463,4.4
43,1,76.8,1.92,192,161,50,1.24,988.0,21.1,2.5,3,1,20.83,False,False,True,142,790.4,7.5
51,0,54.7,1.53,167,135,69,1.11,674.0,26.8,2.0,4,2,23.37,True,False,False,98,601.7857142857142,8.0
20,1,92.3,1.94,176,131,71,1.14,821.0,24.3,2.1,3,2,24.52,True,False,False,105,713.9130434782609,6.300000000000001
29,0,71.8,1.55,190,120,68,1.2,720.0,26.3,2.4,4,2,29.89,False,False,False,122,595.0413223140496,9.6
18,0,66.9,1.57,193,127,63,1.07,679.0,30.7,2.2,3,2,27.14,False,False,False,130,628.7037037037037,6.6000000000000005
22,0,48.7,1.76,165,167,66,1.37,1144.0,29.0,2.2,4,2,15.72,True,False,False,99,828.9855072463768,8.8
47,1,66.2,1.71,181,169,71,1.42,1188.0,22.8,2.9,3,1,22.64,True,False,False,110,830.7692307692308,8.7
47,0,40.0,1.76,173,132,63,0.8,475.0,26.7,2.2,3,1,12.91,False,True,False,110,586.4197530864197,6.6000000000000005
34,1,112.4,1.85,162,134,66,1.18,870.0,23.4,3.6,4,2,32.84,True,False,False,96,731.09243697479,14.4
40,0,70.0,1.55,171,163,74,0.85,693.0,31.1,1.5,3,1,29.14,False,False,True,97,805.8139534883721,4.5
32,1,84.0,1.74,195,127,63,1.45,1013.0,25.8,2.1,3,1,27.74,False,True,False,132,693.8356164383562,6.300000000000001
54,0,43.8,1.65,171,129,61,1.29,749.0,26.6,1.7,4,2,16.09,False,False,True,110,576.1538461538462,6.8
38,1,123.3,1.62,161,165,65,1.34,1216.0,21.2,2.3,4,2,46.98,False,False,True,96,900.7407407407406,9.2
31,0,57.9,1.56,161,124,50,1.8,1116.0,15.1,2.7,5,3,23.79,False,False,True,111,616.5745856353591,13.5
19,1,82.4,1.96,174,169,62,1.9,1766.0,10.1,3.5,5,3,21.45,True,False,False,112,924.607329842932,17.5
28,1,84.8,1.79,182,138,55,1.35,1025.0,28.8,2.3,4,2,26.47,False,False,False,127,753.6764705882352,9.2
56,1,109.6,1.66,188,166,66,1.29,1060.0,20.5,3.1,3,2,39.77,False,False,False,122,815.3846153846154,9.3
55,1,86.4,1.77,176,157,61,1.0,777.0,27.3,2.8,3,2,27.58,False,False,True,115,769.3069306930693,8.399999999999999
51,0,63.9,1.8,191,130,72,1.07,626.0,33.7,2.7,4,2,19.72,True,False,False,119,579.6296296296296,10.8
55,0,70.8,1.62,166,162,68,0.54,394.0,26.0,1.8,3,1,26.98,False,True,False,98,716.3636363636363,5.4
51,1,115.3,1.67,189,139,55,1.38,950.0,24.4,2.5,3,2,41.34,False,False,True,134,683.453237410072,7.5
35,0,55.3,1.56,187,139,56,1.71,1188.0,19.8,2.7,5,3,22.72,False,True,False,131,690.6976744186046,13.5
47,1,73.9,1.8,173,140,50,1.36,942.0,28.3,3.7,3,1,22.81,False,True,False,123,687.5912408759124,11.100000000000001
32,1,97.3,1.96,189,137,50,1.36,1025.0,24.9,3.4,3,2,25.33,True,False,False,139,748.1751824817518,10.2
44,0,60.4,1.65,176,169,54,1.27,966.0,32.6,2.1,4,2,22.19,True,False,False,122,754.6875,8.4
51,1,49.3,1.61,191,129,55,1.36,868.0,28.3,2.9,2,1,19.02,False,False,False,136,633.5766423357663,5.8
55,1,91.8,1.78,165,153,65,1.44,1091.0,23.5,3.4,3,1,28.97,False,False,False,100,752.4137931034483,10.2
50,0,73.6,1.55,183,145,74,0.89,581.0,33.9,2.1,3,1,30.63,True,False,False,109,645.5555555555555,6.300000000000001
41,1,47.1,1.78,165,149,65,1.26,929.0,24.7,2.4,3,1,14.87,False,False,True,100,731.496062992126,7.199999999999999
32,1,65.2,1.62,186,128,63,0.58,408.0,25.3,3.4,2,1,24.84,False,False,False,123,691.5254237288136,6.8
47,1,87.2,1.64,177,165,50,2.0,1634.0,15.0,3.5,4,3,32.42,False,True,False,127,812.9353233830847,14.0
59,1,96.7,1.71,183,150,62,0.57,423.0,28.4,2.9,3,1,33.07,False,False,True,121,729.3103448275863,8.7
34,0,46.9,1.61,196,161,69,1.02,821.0,28.6,1.7,3,2,18.09,False,True,False,127,797.0873786407767,5.1
22,0,72.1,1.62,183,123,59,1.38,849.0,25.1,2.1,3,1,27.47,True,False,False,124,610.7913669064749,6.300000000000001
46,0,62.5,1.54,197,125,73,1.61,906.0,18.1,2.7,4,3,26.35,False,True,False,124,559.2592592592592,10.8
21,1,110.7,1.69,193,133,59,1.06,775.0,27.0,2.7,3,1,38.76,False,False,True,134,724.2990654205607,8.100000000000001
27,1,102.6,1.83,199,123,58,1.41,954.0,26.5,3.5,3,2,30.64,True,False,False,141,671.830985915493,10.5
34,0,64.3,1.62,174,145,62,1.76,1276.0,19.8,2.7,5,3,24.5,False,False,True,112,720.9039548022599,13.5
27,1,80.7,1.61,170,166,52,1.75,1598.0,14.3,3.5,4,3,31.13,False,True,False,118,907.9545454545455,14.0
34,1,115.3,1.81,181,167,67,1.36,1249.0,24.5,2.2,2,1,35.19,False,False,True,114,911.6788321167883,4.4
37,1,87.8,1.69,183,158,69,1.81,1573.0,10.3,3.5,5,3,30.74,True,False,False,114,864.2857142857142,17.5
41,1,74.3,1.61,160,136,51,1.06,714.0,24.8,3.5,4,2,28.66,False,True,False,109,667.2897196261682,14.0
22,0,78.5,1.7,177,138,66,1.36,938.0,31.9,2.1,4,2,27.16,False,True,False,111,684.6715328467153,8.4
51,0,77.3,1.58,171,168,68,0.97,733.0,31.1,2.0,2,1,30.96,False,False,False,103,747.9591836734694,4.0
23,0,64.5,1.7,187,125,72,0.51,319.0,30.4,1.7,2,1,22.32,False,False,False,115,613.4615384615385,3.4
19,1,72.0,1.94,199,148,62,1.17,952.0,24.7,3.2,3,2,19.13,False,False,True,137,806.7796610169491,9.600000000000001
30,0,77.9,1.77,166,130,62,1.41,916.0,27.9,2.6,4,2,24.87,False,False,False,104,645.0704225352113,10.4
28,0,69.6,1.58,182,135,50,1.49,1006.0,27.8,2.0,3,2,27.88,False,False,False,132,670.6666666666666,6.0
40,1,68.9,1.99,180,149,51,1.16,951.0,25.0,2.4,4,2,17.4,False,False,False,129,812.8205128205128,9.6
33,1,45.9,1.89,193,144,50,1.45,1148.0,21.6,2.9,3,2,12.85,False,False,False,143,786.3013698630137,8.7
48,0,68.2,1.69,170,159,73,0.75,537.0,28.4,2.5,3,1,23.88,True,False,False,97,706.578947368421,7.5
28,0,79.6,1.59,181,130,54,1.49,968.0,28.2,1.5,3,2,31.49,True,False,False,127,645.3333333333334,4.5
33,0,53.6,1.52,194,126,73,1.02,643.0,30.9,2.3,2,1,23.2,False,False,False,121,624.2718446601941,4.6
25,0,57.7,1.58,188,145,52,1.36,986.0,25.7,2.2,3,2,23.11,False,False,True,136,719.7080291970802,6.6000000000000005
21,1,74.2,1.93,187,141,56,1.32,1024.0,28.3,2.5,3,2,19.92,True,False,False,131,769.9248120300751,7.5
57,0,64.4,1.56,177,144,73,1.52,985.0,17.8,2.7,5,3,26.46,False,False,False,104,643.7908496732026,13.5
21,0,54.9,1.78,173,138,71,0.55,380.0,31.7,2.0,2,1,17.33,True,False,False,102,678.5714285714286,4.0
42,1,50.3,1.64,177,150,62,0.63,468.0,27.0,2.4,3,1,18.7,False,True,False,115,731.25,7.199999999999999
20,0,46.5,1.68,187,145,72,0.91,660.0,27.9,2.4,2,1,16.48,True,False,False,115,717.391304347826,4.8
49,1,57.8,1.99,183,161,67,0.93,741.0,24.7,3.1,3,1,14.6,True,False,False,116,788.2978723404254,9.3
20,1,83.0,1.8,167,160,73,0.79,695.0,29.6,2.9,2,1,25.62,False,False,True,94,868.75,5.8
44,1,82.5,1.79,167,155,70,1.51,1159.0,13.8,3.5,5,3,25.75,True,False,False,97,762.5,17.5
46,0,66.5,1.73,163,142,56,1.11,709.0,34.7,2.0,3,1,22.22,False,False,True,107,633.0357142857142,6.0
49,0,70.2,1.67,186,166,50,0.93,695.0,32.5,1.8,3,1,25.17,False,True,False,136,739.3617021276596,5.4
36,1,121.9,1.93,195,132,54,1.49,1082.0,21.8,3.4,3,2,32.73,False,False,False,141,721.3333333333334,10.2
38,0,70.3,1.52,164,144,66,1.19,857.0,25.6,2.0,4,2,30.43,False,False,True,98,714.1666666666667,8.0
22,0,40.3,1.56,192,121,57,1.45,877.0,30.8,2.1,4,2,16.56,True,False,False,135,600.6849315068494,8.4
35,1,101.4,1.76,193,121,64,0.84,559.0,23.6,2.9,2,1,32.74,True,False,False,129,657.6470588235294,5.8
45,1,79.2,1.95,189,135,69,1.47,982.0,22.8,2.8,3,2,20.83,False,False,True,120,663.5135135135135,8.399999999999999
59,0,75.8,1.77,167,128,53,1.46,841.0,33.1,1.8,3,1,24.19,False,True,False,114,572.1088435374149,5.4
39,1,71.7,1.88,198,147,51,0.55,445.0,23.7,2.2,2,1,20.29,False,False,False,147,794.6428571428571,4.4
38,0,57.7,1.56,185,132,54,1.64,1082.0,16.6,2.7,5,3,23.71,True,False,False,131,655.7575757575758,13.5
23,0,47.4,1.6,196,154,50,0.76,585.0,33.5,1.6,3,1,18.52,False,True,False,146,759.7402597402597,4.800000000000001
18,0,57.2,1.75,193,160,74,1.29,1032.0,33.5,2.4,3,2,18.68,False,False,False,119,793.8461538461538,7.199999999999999
22,0,44.8,1.72,166,132,54,1.48,977.0,28.6,1.8,4,2,15.14,False,False,False,112,655.7046979865772,7.2
58,1,90.2,1.72,199,150,55,0.9,668.0,28.3,2.1,2,1,30.49,True,False,False,144,734.065934065934,4.2
29,1,84.9,1.72,187,140,51,1.79,1378.0,14.3,3.5,4,3,28.7,False,False,True,136,765.5555555555555,14.0
43,1,95.7,1.77,198,151,50,1.08,807.0,24.2,3.4,3,1,30.55,True,False,False,148,740.3669724770641,10.2
51,1,59.0,1.65,198,153,53,1.22,924.0,20.7,2.3,3,2,21.67,True,False,False,145,751.219512195122,6.8999999999999995
31,0,60.5,1.77,187,127,56,1.72,1092.0,15.0,2.7,4,3,19.31,True,False,False,131,631.2138728323699,10.8
43,0,53.8,1.72,173,160,71,1.03,742.0,30.2,2.3,4,2,18.19,False,True,False,102,713.4615384615385,9.2
44,1,86.6,1.97,197,167,50,1.66,1372.0,11.7,3.5,5,3,22.31,False,False,True,147,821.556886227545,17.5
26,0,72.8,1.67,163,121,50,1.37,829.0,35.0,1.9,2,1,26.1,False,True,False,113,600.7246376811594,3.8
43,0,66.3,1.77,177,157,57,1.48,1046.0,32.7,1.7,4,2,21.16,True,False,False,120,702.0134228187919,6.8
39,0,56.0,1.6,184,151,69,0.89,672.0,32.6,2.0,2,1,21.87,False,False,True,115,746.6666666666666,4.0
47,1,45.9,1.93,166,159,65,1.29,1015.0,29.6,2.0,3,2,12.32,False,False,False,101,780.7692307692307,6.0
34,1,88.0,1.64,197,147,70,1.9,1536.0,14.4,3.5,4,3,32.72,False,False,True,127,804.1884816753927,14.0
43,1,94.0,1.79,187,156,62,1.31,1012.0,23.2,3.4,2,1,29.34,True,False,False,125,766.6666666666666,6.8
53,0,44.7,1.79,164,160,72,1.34,965.0,26.7,2.1,3,2,13.95,False,False,True,92,714.8148148148148,6.300000000000001
18,1,63.2,1.63,162,120,73,0.66,436.0,27.5,2.2,3,1,23.79,False,False,False,89,650.7462686567163,6.6000000000000005
25,1,95.6,1.9,190,160,72,1.47,1294.0,23.8,2.4,4,2,26.48,False,False,False,118,874.3243243243244,9.6
52,1,47.8,1.86,179,129,67,1.01,645.0,24.7,2.8,3,2,13.82,False,False,True,112,632.3529411764706,8.399999999999999
32,1,85.3,1.64,178,123,69,1.77,1197.0,13.2,3.5,4,3,31.71,False,False,False,109,672.4719101123595,14.0
39,1,59.7,1.83,170,154,59,1.35,1143.0,29.1,2.3,4,2,17.83,False,True,False,111,840.4411764705882,9.2
31,1,70.2,1.98,199,129,61,0.71,504.0,24.2,2.5,2,1,17.91,False,False,True,138,700.0,5.0
43,0,72.7,1.8,162,166,50,0.79,590.0,32.8,2.1,3,1,22.44,False,False,False,112,737.5,6.300000000000001
45,0,50.4,1.79,182,130,59,0.74,433.0,27.7,2.5,2,1,15.73,False,False,False,123,577.3333333333334,5.0
40,1,81.7,1.74,166,133,58,0.91,666.0,27.0,2.7,2,1,26.99,False,False,True,108,723.9130434782609,5.4
31,1,49.3,1.62,182,157,52,0.56,484.0,20.0,3.2,2,1,18.79,False,True,False,130,849.1228070175438,6.4
41,0,61.9,1.64,166,131,68,1.93,1138.0,19.4,2.7,4,3,23.01,False,False,True,98,586.5979381443299,10.8
19,0,49.1,1.68,193,164,58,1.42,1164.0,25.3,2.6,4,2,17.4,False,False,False,135,813.986013986014,10.4
43,1,66.5,1.83,178,136,59,1.11,747.0,27.1,2.4,3,2,19.86,False,False,True,119,666.9642857142857,7.199999999999999
31,1,75.5,1.93,168,135,68,0.6,446.0,20.5,3.4,2,1,20.27,False,False,False,100,731.1475409836065,6.8
24,1,88.2,1.79,177,154,65,1.76,1491.0,11.3,3.5,4,3,27.53,True,False,False,112,842.3728813559322,14.0
20,1,74.8,1.75,184,121,73,1.33,885.0,25.0,3.3,3,2,24.42,False,False,True,111,660.4477611940298,9.899999999999999
40,0,72.2,1.6,173,130,67,0.87,566.0,29.2,1.9,3,1,28.2,False,False,True,106,643.1818181818181,5.699999999999999
35,1,62.8,1.63,184,160,63,1.41,1241.0,21.9,3.7,4,2,23.64,False,False,False,121,873.943661971831,14.8
55,1,84.7,1.79,178,122,52,1.19,719.0,23.3,2.4,3,2,26.43,False,False,False,126,599.1666666666667,7.199999999999999
52,1,116.5,1.69,198,148,51,0.53,388.0,27.3,2.4,2,1,40.79,False,False,False,147,718.5185185185185,4.8
32,1,77.4,1.92,174,137,50,1.39,1047.0,26.7,3.3,3,2,21.0,False,False,False,124,747.8571428571429,9.899999999999999
42,0,72.9,1.62,175,139,67,1.17,732.0,25.7,2.0,4,2,27.78,False,False,True,108,620.3389830508474,8.0
54,0,58.4,1.59,186,166,73,1.08,807.0,32.5,1.9,2,1,23.1,False,False,False,113,740.3669724770641,3.8
45,0,64.3,1.54,199,133,58,1.67,999.0,15.3,2.7,4,3,27.11,False,False,True,141,594.6428571428571,10.8
27,1,89.3,1.87,169,153,62,1.62,1363.0,12.7,3.5,5,3,25.54,False,True,False,107,836.1963190184049,17.5
56,1,90.2,1.61,163,168,51,1.38,1148.0,22.6,2.3,3,2,34.8,False,False,True,112,825.8992805755396,6.8999999999999995
34,0,59.0,1.62,178,150,56,1.13,847.0,30.9,2.4,4,2,22.48,False,False,False,122,742.9824561403509,9.6
56,1,58.7,1.86,187,159,65,1.09,858.0,22.6,3.3,3,2,16.97,False,False,False,122,779.9999999999999,9.899999999999999
39,1,127.5,1.82,180,161,70,1.26,1116.0,29.8,3.0,3,2,38.49,False,True,False,110,878.7401574803149,9.0
43,0,68.6,1.52,173,137,68,1.42,875.0,28.1,2.6,4,2,29.69,False,False,True,105,611.8881118881119,10.4
42,0,56.7,1.53,192,149,74,1.07,717.0,27.4,1.9,3,1,24.22,False,True,False,118,663.8888888888888,5.699999999999999
34,0,64.5,1.78,169,144,64,1.33,958.0,27.8,1.8,4,2,20.36,False,False,True,105,714.9253731343283,7.2
30,0,61.6,1.52,178,138,71,1.78,1228.0,19.5,2.7,4,3,26.66,False,False,False,107,686.0335195530727,10.8
37,1,75.1,1.82,189,127,60,1.23,859.0,26.4,3.2,4,2,22.67,False,False,True,129,692.741935483871,12.8
42,1,79.3,1.93,181,147,50,1.22,888.0,27.3,3.3,2,1,21.29,False,False,False,131,721.9512195121952,6.6
21,0,72.6,1.68,162,127,70,1.19,756.0,34.2,1.8,3,2,25.72,False,False,False,92,630.0,5.4
27,1,76.7,1.7,196,150,56,0.96,792.0,29.1,2.1,3,1,26.54,True,False,False,140,816.4948453608248,6.300000000000001
20,0,44.2,1.61,177,122,69,1.08,659.0,32.4,2.5,2,1,17.05,True,False,False,108,604.5871559633027,5.0
58,0,56.5,1.7,170,122,57,0.74,406.0,27.0,2.7,2,1,19.55,False,False,True,113,541.3333333333334,5.4
35,1,100.9,1.63,161,163,59,1.1,986.0,28.4,3.1,2,1,37.98,False,False,False,102,888.2882882882882,6.2
53,0,55.8,1.55,171,141,54,1.12,711.0,27.0,1.8,4,2,23.23,False,True,False,117,629.2035398230088,7.2
39,1,58.3,1.93,165,136,58,1.35,1010.0,27.4,3.7,4,2,15.65,False,False,False,107,742.6470588235294,14.8
51,1,48.6,1.77,199,155,74,1.47,1128.0,26.9,3.5,2,1,15.51,False,True,False,125,762.1621621621622,7.0
25,1,81.7,1.95,188,136,74,1.94,1451.0,13.8,3.5,4,3,21.49,False,False,True,114,744.1025641025641,14.0
57,1,85.6,1.69,189,133,50,1.76,1159.0,12.7,3.5,5,3,29.97,False,False,True,139,654.8022598870057,17.5
36,0,60.0,1.72,161,128,51,1.63,1043.0,18.2,2.7,5,3,20.28,False,True,False,110,635.9756097560976,13.5
59,1,126.4,1.69,168,149,68,1.24,915.0,29.5,2.9,3,1,44.26,False,True,False,100,732.0,8.7
58,0,75.4,1.78,161,140,63,1.05,662.0,26.0,2.5,4,2,23.8,False,False,False,98,624.5283018867924,10.0
54,0,64.2,1.69,188,131,69,1.69,996.0,16.5,2.7,4,3,22.48,False,False,True,119,585.8823529411765,10.8
23,0,65.2,1.62,192,156,59,1.37,1069.0,31.1,2.5,3,2,24.84,False,False,False,133,774.6376811594203,7.5
43,0,70.1,1.66,169,151,58,0.99,673.0,34.6,2.6,2,1,25.44,False,True,False,111,673.0,5.2
51,1,102.6,1.77,193,130,59,1.21,779.0,21.0,3.4,2,1,32.75,True,False,False,134,638.5245901639345,6.8
23,1,107.2,1.93,167,139,55,1.15,879.0,20.2,3.1,4,2,28.78,True,False,False,112,757.7586206896552,12.4
54,0,56.5,1.75,196,154,66,1.76,1220.0,15.3,2.7,5,3,18.45,True,False,False,130,689.2655367231638,13.5
50,0,61.6,1.75,192,166,74,1.22,911.0,25.5,2.2,4,2,20.11,False,True,False,118,740.650406504065,8.8
39,1,81.7,1.75,165,165,55,1.32,1198.0,29.1,2.8,4,2,26.68,False,False,False,110,900.7518796992481,11.2
38,0,76.6,1.58,199,130,53,0.74,481.0,32.2,2.3,2,1,30.68,False,False,True,146,641.3333333333334,4.6
23,1,116.8,1.79,178,127,69,1.0,698.0,26.8,3.4,4,2,36.45,False,True,False,109,691.0891089108911,13.6
23,0,60.1,1.59,191,123,52,1.8,1107.0,17.6,2.7,4,3,23.77,True,False,False,139,611.6022099447514,10.8
21,1,93.7,1.73,186,146,72,1.0,803.0,27.8,3.6,2,1,31.31,False,False,False,114,795.049504950495,7.2
47,0,41.6,1.58,160,163,68,1.03,756.0,26.6,2.1,4,2,16.66,False,False,True,92,726.9230769230769,8.4
28,0,55.1,1.79,192,159,67,1.99,1582.0,17.0,2.7,5,3,17.2,False,False,True,125,791.0,13.5
47,1,127.1,1.76,199,157,73,0.71,552.0,24.9,3.0,2,1,41.03,False,True,False,126,766.6666666666667,6.0
48,0,69.1,1.6,191,166,53,1.34,1001.0,26.1,2.0,4,2,26.99,False,True,False,138,741.4814814814814,8.0
41,0,66.8,1.74,164,149,57,1.34,898.0,29.2,2.3,3,1,22.06,False,False,True,107,665.1851851851851,6.8999999999999995
26,1,125.5,1.76,176,163,66,1.15,1031.0,23.2,3.1,4,2,40.52,False,False,True,110,888.7931034482759,12.4
20,0,71.3,1.58,167,167,54,1.07,893.0,25.4,1.5,3,2,28.56,True,False,False,113,826.8518518518518,4.5
48,1,129.2,1.61,193,167,62,1.06,876.0,21.4,2.9,4,2,49.84,False,False,True,131,818.6915887850466,11.6
57,1,96.3,1.86,168,146,74,1.1,795.0,27.6,2.2,3,2,27.84,False,True,False,94,716.2162162162161,6.6000000000000005
54,0,67.5,1.54,182,140,50,0.72,454.0,25.2,1.5,3,1,28.46,False,False,False,132,621.9178082191781,4.5
53,0,64.4,1.55,194,139,62,1.77,1107.0,19.7,2.7,4,3,26.81,True,False,False,132,621.9101123595506,10.8
41,0,64.9,1.57,166,123,53,1.04,576.0,25.9,2.4,4,2,26.33,True,False,False,113,548.5714285714286,9.6
48,0,52.3,1.66,174,130,71,0.74,433.0,33.0,1.8,3,1,18.98,False,False,True,103,577.3333333333334,5.4
23,0,56.7,1.55,179,132,73,1.38,911.0,34.0,1.9,4,2,23.6,False,False,False,106,655.3956834532374,7.6
19,0,46.8,1.63,184,128,63,1.35,864.0,34.4,1.6,4,2,17.61,True,False,False,121,635.2941176470588,6.4
37,0,70.3,1.77,162,123,52,1.01,621.0,33.7,1.7,2,1,22.44,False,True,False,110,608.8235294117646,3.4
45,1,80.8,1.76,183,131,54,1.7,1102.0,11.4,3.5,4,3,26.08,False,False,True,129,644.4444444444445,14.0
28,0,56.0,1.5,193,128,56,1.94,1242.0,16.7,2.7,5,3,24.89,False,True,False,137,636.9230769230769,13.5
21,1,101.2,1.84,181,132,50,1.3,944.0,24.3,3.3,2,1,29.89,False,False,True,131,720.6106870229007,6.6
32,0,56.6,1.57,170,167,72,1.65,1378.0,15.7,2.7,4,3,22.96,True,False,False,98,830.1204819277109,10.8
23,0,40.9,1.75,167,145,61,0.82,594.0,25.2,2.1,3,1,13.36,False,False,True,106,715.6626506024097,6.300000000000001
47,1,127.8,1.65,198,157,60,0.77,598.0,28.7,3.5,2,1,46.94,False,False,False,138,766.6666666666666,7.0
55,0,49.3,1.76,194,161,73,1.28,927.0,30.5,2.0,2,1,15.92,False,True,False,121,718.6046511627907,4.0
19,0,64.3,1.63,197,132,57,1.87,1234.0,18.0,2.7,5,3,24.2,False,False,False,140,656.3829787234042,13.5
32,1,49.3,1.62,167,158,74,1.18,1025.0,29.3,2.5,3,2,18.79,False,True,False,93,861.344537815126,7.5
28,0,63.0,1.62,196,147,55,0.68,500.0,31.7,1.9,2,1,24.01,False,True,False,141,724.6376811594203,3.8
25,0,41.1,1.67,186,138,71,1.03,711.0,31.9,2.4,3,2,14.74,False,False,True,115,683.6538461538461,7.199999999999999
43,0,40.5,1.74,187,143,51,1.5,965.0,32.9,2.2,3,2,13.38,True,False,False,136,639.0728476821192,6.6000000000000005
22,1,71.0,1.62,199,138,68,0.91,691.0,21.2,3.5,2,1,27.05,True,False,False,131,751.0869565217391,7.0
23,0,60.9,1.62,193,168,69,1.59,1336.0,16.8,2.7,5,3,23.21,False,False,False,124,835.0,13.5
43,0,64.7,1.66,191,132,69,1.88,1117.0,19.8,2.7,4,3,23.48,False,False,True,122,591.005291005291,10.8
21,0,51.0,1.71,174,132,73,1.07,706.0,34.2,2.2,3,2,17.44,True,False,False,101,653.7037037037037,6.6000000000000005
36,0,57.7,1.77,176,147,63,1.65,1213.0,19.4,2.7,4,3,18.42,False,True,False,113,730.722891566265,10.8
37,1,76.9,1.82,192,121,50,1.49,992.0,24.5,2.8,4,2,23.22,False,True,False,142,661.3333333333334,11.2
50,1,80.5,1.77,175,129,59,1.85,1181.0,14.3,3.5,4,3,25.7,False,False,True,116,634.9462365591397,14.0
37,0,73.3,1.74,188,141,65,1.03,726.0,25.5,2.4,3,2,24.21,False,False,False,123,698.0769230769231,7.199999999999999
29,0,49.0,1.57,168,132,53,1.33,878.0,26.5,2.6,3,2,19.88,False,False,True,115,655.2238805970148,7.800000000000001
18,1,114.5,1.97,192,128,60,1.03,725.0,24.1,2.6,3,1,29.5,False,False,False,132,697.1153846153846,7.800000000000001
43,1,81.0,1.78,188,152,65,1.58,1189.0,12.4,3.5,5,3,25.56,False,False,True,123,747.7987421383648,17.5
31,0,53.5,1.76,172,133,69,1.22,811.0,27.6,1.8,4,2,17.27,False,True,False,103,659.349593495935,7.2
55,1,52.1,1.68,180,167,50,0.77,637.0,23.6,3.0,3,1,18.46,False,False,True,130,816.6666666666666,9.0
54,0,70.1,1.52,180,139,65,0.76,475.0,26.6,2.1,2,1,30.34,True,False,False,115,616.8831168831168,4.2
28,1,86.9,1.78,164,134,68,1.29,951.0,24.9,3.7,4,2,27.43,True,False,False,96,731.5384615384615,14.8
53,1,73.4,1.76,169,151,70,1.09,815.0,27.9,2.8,3,2,23.7,False,False,True,99,740.9090909090909,8.399999999999999
30,1,90.0,1.66,165,152,71,1.32,1104.0,26.6,2.1,4,2,32.66,False,False,False,94,830.0751879699247,8.4
20,1,85.7,1.92,172,136,58,1.72,1287.0,10.5,3.5,5,3,23.25,False,False,False,114,743.9306358381504,17.5
50,0,70.4,1.55,160,143,58,0.73,470.0,29.9,2.7,2,1,29.3,False,True,False,102,635.1351351351351,5.4
23,1,57.7,1.71,179,149,58,1.15,942.0,27.0,3.4,3,2,19.73,False,True,False,121,812.0689655172414,10.2
27,1,75.7,1.76,167,132,66,0.68,494.0,25.3,2.3,3,1,24.44,False,False,False,101,715.9420289855071,6.8999999999999995
22,0,61.8,1.52,169,166,61,1.83,1519.0,17.0,2.7,5,3,26.75,False,False,True,108,825.5434782608695,13.5
40,1,80.3,1.76,168,167,74,1.63,1497.0,13.1,3.5,5,3,25.92,False,True,False,94,912.8048780487806,17.5
27,1,104.3,1.68,162,135,62,1.28,950.0,29.7,3.5,3,2,36.95,False,False,False,100,736.4341085271318,10.5
19,0,65.7,1.58,170,121,57,1.46,883.0,25.9,1.9,3,2,26.32,False,False,False,113,600.6802721088435,5.699999999999999
30,1,120.3,1.96,171,136,65,0.66,494.0,23.9,2.6,2,1,31.32,False,False,True,106,737.3134328358209,5.2
57,0,51.9,1.57,169,151,67,1.05,713.0,29.1,2.6,3,2,21.06,True,False,False,102,672.6415094339623,7.800000000000001
19,0,59.1,1.57,184,162,50,1.65,1336.0,17.9,2.7,5,3,23.98,False,False,False,134,804.8192771084338,13.5
37,0,66.9,1.75,184,127,50,1.38,876.0,26.5,2.1,4,2,21.84,False,True,False,134,630.2158273381295,8.4
18,0,66.9,1.75,170,122,61,0.94,573.0,26.8,1.7,2,1,21.84,False,False,True,109,603.1578947368421,3.4
54,1,78.7,1.66,195,131,55,1.42,921.0,22.9,2.6,3,2,28.56,False,False,True,140,644.0559440559441,7.800000000000001
26,0,62.4,1.61,198,139,58,1.88,1307.0,19.8,2.7,4,3,24.07,False,False,True,140,691.5343915343916,10.8
34,1,102.1,1.71,185,135,72,0.96,713.0,27.3,3.2,2,1,34.92,True,False,False,113,735.0515463917526,6.4
26,1,51.9,2.0,173,133,54,0.75,549.0,26.6,2.3,2,1,12.97,True,False,False,119,722.3684210526316,4.6
28,1,58.3,2.0,198,135,65,1.32,980.0,28.2,3.0,4,2,14.57,False,True,False,133,736.8421052631578,12.0
32,1,89.8,1.92,199,168,67,1.93,1783.0,10.6,3.5,4,3,24.36,False,True,False,132,919.0721649484536,14.0
41,1,101.1,1.83,160,162,66,0.79,634.0,28.6,3.2,2,1,30.19,False,False,True,94,792.5,6.4
55,1,118.6,1.72,163,168,67,0.77,640.0,25.9,2.6,3,1,40.09,False,True,False,96,820.5128205128204,7.800000000000001
52,1,84.8,1.85,189,152,50,1.19,895.0,23.4,3.2,2,1,24.78,False,False,False,139,745.8333333333334,6.4
47,1,80.0,1.77,171,149,68,0.72,531.0,28.2,3.5,3,1,25.54,True,False,False,103,727.3972602739726,10.5
48,1,73.1,1.83,194,131,71,1.05,681.0,28.0,2.8,4,2,21.83,False,False,True,123,642.4528301886792,11.2
22,1,117.3,1.68,172,134,57,1.24,914.0,28.5,2.7,3,2,41.56,False,False,True,115,731.2,8.100000000000001
31,0,77.4,1.71,190,137,52,1.26,863.0,26.2,1.8,4,2,26.47,False,False,False,138,679.5275590551181,7.2
28,0,72.9,1.67,197,147,74,1.13,831.0,34.7,2.2,3,2,26.14,False,False,False,123,728.9473684210527,6.6000000000000005
26,0,71.2,1.5,182,142,54,1.15,816.0,34.6,2.6,2,1,31.64,False,False,False,128,703.4482758620691,5.2
51,1,88.2,1.62,163,133,72,1.56,1027.0,11.8,3.5,4,3,33.61,False,False,False,91,654.140127388535,14.0
29,0,75.6,1.8,175,149,57,1.31,976.0,25.7,1.9,4,2,23.33,False,False,True,118,739.3939393939394,7.6
52,0,57.9,1.56,166,152,68,1.66,1135.0,15.8,2.7,4,3,23.79,True,False,False,98,679.6407185628743,10.8
52,0,70.6,1.58,181,164,67,1.02,753.0,34.9,2.0,3,2,28.28,True,False,False,114,731.0679611650485,6.0
18,1,118.6,1.64,188,134,67,0.94,693.0,25.6,2.7,3,1,44.1,False,False,False,121,729.4736842105264,8.100000000000001
57,1,55.7,1.99,170,126,70,1.13,705.0,23.6,3.0,3,2,14.07,False,True,False,100,618.421052631579,9.0
39,1,102.3,1.94,192,134,50,0.89,656.0,22.9,2.4,3,1,27.18,False,False,True,142,728.8888888888889,7.199999999999999
46,1,72.6,1.87,188,161,64,1.31,1044.0,22.6,3.4,4,2,20.76,True,False,False,124,790.9090909090909,13.6
25,0,63.8,1.68,198,165,67,0.95,784.0,31.6,1.9,2,1,22.6,False,False,False,131,816.6666666666667,3.8
28,0,67.3,1.67,171,157,74,0.61,479.0,29.2,2.3,3,1,24.13,False,True,False,97,772.5806451612904,6.8999999999999995
58,0,59.3,1.58,166,165,56,1.97,1463.0,19.8,2.7,4,3,23.75,False,True,False,110,738.8888888888889,10.8
54,0,70.7,1.57,198,163,65,1.14,836.0,31.8,2.1,3,1,28.68,False,False,False,133,726.9565217391305,6.300000000000001
31,1,86.9,1.69,185,130,65,1.72,1230.0,14.0,3.5,4,3,30.43,False,False,True,120,710.9826589595376,14.0
47,1,98.2,1.9,199,148,64,0.76,557.0,22.9,3.0,3,1,27.2,True,False,False,135,723.3766233766233,9.0
52,1,63.6,1.62,168,150,55,1.3,965.0,20.8,2.3,4,2,24.23,False,True,False,113,736.6412213740458,9.2
38,0,45.2,1.68,193,144,58,1.01,727.0,29.9,2.4,3,2,16.01,True,False,False,135,712.7450980392157,7.199999999999999
54,1,117.2,1.62,172,143,56,1.04,736.0,23.1,2.3,4,2,44.66,True,False,False,116,700.952380952381,9.2
22,1,107.4,1.74,195,138,63,1.34,1017.0,22.0,2.2,2,1,35.47,False,True,False,132,753.3333333333333,4.4
36,0,59.1,1.78,184,121,60,0.85,514.0,34.5,2.2,2,1,18.65,False,False,False,124,597.6744186046511,4.4
31,0,53.3,1.64,183,141,70,0.57,402.0,29.4,2.4,3,1,19.82,False,True,False,113,693.1034482758621,7.199999999999999
43,1,46.2,1.63,176,139,65,1.18,812.0,21.7,2.1,2,1,17.39,False,True,False,111,682.3529411764706,4.2
21,1,67.0,1.61,161,152,74,1.32,1104.0,22.0,2.1,3,2,25.85,False,False,True,87,830.0751879699247,6.300000000000001
42,1,86.3,1.77,172,127,55,1.77,1113.0,11.4,3.5,4,3,27.55,True,False,False,117,625.2808988764045,14.0
59,1,85.5,1.67,190,144,71,1.99,1418.0,15.0,3.5,5,3,30.66,False,False,False,119,709.0,17.5
42,1,70.2,1.87,188,165,65,1.38,1127.0,22.7,3.4,3,2,20.07,True,False,False,123,810.7913669064749,10.2
35,1,127.1,1.62,187,128,69,1.02,718.0,23.3,3.4,4,2,48.43,False,True,False,118,697.0873786407767,13.6
57,0,75.6,1.67,186,153,65,1.05,723.0,31.6,1.8,3,2,27.11,False,False,False,121,682.0754716981131,5.4
25,0,62.6,1.65,174,142,61,1.2,852.0,27.9,2.2,3,1,22.99,False,False,False,113,704.1322314049587,6.6000000000000005
56,0,55.7,1.53,190,124,66,1.91,1066.0,16.1,2.7,5,3,23.79,False,False,False,124,555.2083333333334,13.5
57,1,96.1,1.74,199,144,54,1.21,862.0,21.6,2.8,3,2,31.74,False,False,False,145,706.5573770491803,8.399999999999999
31,0,76.7,1.62,174,127,74,1.39,883.0,28.1,2.3,4,2,29.23,False,False,True,100,630.7142857142858,9.2
49,1,57.2,1.89,192,135,62,1.14,762.0,21.1,3.5,2,1,16.01,False,False,False,130,662.608695652174,7.0
55,1,69.9,1.81,179,167,57,1.2,992.0,20.2,2.1,4,2,21.34,False,True,False,122,819.8347107438017,8.4
50,0,67.9,1.77,171,164,73,1.03,760.0,33.0,2.4,3,2,21.67,False,False,True,98,730.7692307692307,7.199999999999999
40,1,87.9,1.87,196,134,54,1.96,1445.0,10.7,3.5,5,3,25.14,False,True,False,142,733.502538071066,17.5
32,1,102.8,1.98,168,120,61,1.24,818.0,27.8,2.8,3,2,26.22,False,True,False,107,654.4,8.399999999999999
50,0,51.8,1.5,182,141,58,1.32,838.0,33.0,2.2,3,1,23.02,True,False,False,124,630.0751879699247,6.6000000000000005
42,0,57.7,1.57,167,122,52,1.83,1005.0,17.7,2.7,4,3,23.41,False,False,False,115,546.195652173913,10.8
34,0,66.5,1.69,191,157,52,0.81,636.0,28.1,2.3,3,1,23.28,False,False,False,139,775.6097560975609,6.8999999999999995
50,1,95.4,1.61,173,133,50,1.16,764.0,21.5,3.6,4,2,36.8,False,True,False,123,652.991452991453,14.4
19,0,69.2,1.6,186,155,74,1.17,907.0,32.4,1.6,3,1,27.03,False,False,False,112,768.6440677966102,4.800000000000001
31,0,66.6,1.67,184,137,71,1.02,699.0,31.0,1.5,4,2,23.88,False,False,True,113,678.6407766990291,6.0
57,1,83.4,1.65,172,166,67,1.57,1290.0,13.3,3.5,4,3,30.63,True,False,False,105,816.4556962025316,14.0
57,0,43.8,1.75,180,160,73,1.39,1001.0,25.1,1.7,2,1,14.3,False,False,False,107,715.0,3.4
56,0,64.2,1.69,190,137,61,1.99,1227.0,19.6,2.7,5,3,22.48,False,False,False,129,613.5,13.5
23,0,44.1,1.62,196,122,58,0.58,354.0,25.7,2.7,2,1,16.8,False,False,True,138,600.0,5.4
23,1,87.3,1.91,164,129,58,1.87,1327.0,11.8,3.5,5,3,23.93,True,False,False,106,705.8510638297872,17.5
20,1,55.0,1.6,172,168,67,1.12,1035.0,24.0,3.2,4,2,21.48,False,False,True,105,915.9292035398229,12.8
24,1,87.1,1.74,187,158,67,1.57,1364.0,10.0,3.5,4,3,28.77,False,True,False,120,863.2911392405063,14.0
25,1,66.6,1.61,184,166,56,1.38,1260.0,25.0,3.0,2,1,25.69,False,True,False,128,906.4748201438849,6.0
59,0,60.4,1.76,194,120,53,1.72,929.0,18.8,2.7,5,3,19.5,False,False,False,141,536.9942196531792,13.5
32,1,126.4,1.83,198,146,62,1.1,883.0,28.2,2.1,3,2,37.74,True,False,False,136,795.4954954954954,6.300000000000001
46,1,88.7,1.63,166,146,66,0.75,542.0,28.8,3.5,2,1,33.38,False,True,False,100,713.1578947368421,7.0
